cell_id,group_id,table,dataset,model,imr,metric,statistic,reported_value,recomputed_value,rounded_recomputed,matches_2dp,run_ids
T2-G01-acc-mean,G01,2,IEMOCAP,GCNet+AMBER,"(0.3,0.5,0.7)",Acc,mean,61.85,61.848428835489834,61.85,True,G01-seed1;G01-seed2;G01-seed3;G01-seed4;G01-seed5
T2-G01-acc-std,G01,2,IEMOCAP,GCNet+AMBER,"(0.3,0.5,0.7)",Acc,std,1.03,1.032292296663431,1.03,True,G01-seed1;G01-seed2;G01-seed3;G01-seed4;G01-seed5
T2-G01-wf1-mean,G01,2,IEMOCAP,GCNet+AMBER,"(0.3,0.5,0.7)",w-F1,mean,61.68,61.684232131403824,61.68,True,G01-seed1;G01-seed2;G01-seed3;G01-seed4;G01-seed5
T2-G01-wf1-std,G01,2,IEMOCAP,GCNet+AMBER,"(0.3,0.5,0.7)",w-F1,std,1.08,1.0838386676428662,1.08,True,G01-seed1;G01-seed2;G01-seed3;G01-seed4;G01-seed5
T2-G02-acc-mean,G02,2,IEMOCAP,GCNet+AMBER,"(0.3,0.7,0.5)",Acc,mean,59.93,59.92606284658041,59.93,True,G02-seed1;G02-seed2;G02-seed3;G02-seed4;G02-seed5
T2-G02-acc-std,G02,2,IEMOCAP,GCNet+AMBER,"(0.3,0.7,0.5)",Acc,std,0.69,0.6883174390027796,0.69,True,G02-seed1;G02-seed2;G02-seed3;G02-seed4;G02-seed5
T2-G02-wf1-mean,G02,2,IEMOCAP,GCNet+AMBER,"(0.3,0.7,0.5)",w-F1,mean,59.2,59.20008692699461,59.2,True,G02-seed1;G02-seed2;G02-seed3;G02-seed4;G02-seed5
T2-G02-wf1-std,G02,2,IEMOCAP,GCNet+AMBER,"(0.3,0.7,0.5)",w-F1,std,0.5,0.4960153118144474,0.5,True,G02-seed1;G02-seed2;G02-seed3;G02-seed4;G02-seed5
T2-G03-acc-mean,G03,2,IEMOCAP,GCNet+AMBER,"(0.5,0.3,0.7)",Acc,mean,65.16,65.16327788046827,65.16,True,G03-seed1;G03-seed2;G03-seed3;G03-seed4;G03-seed5
T2-G03-acc-std,G03,2,IEMOCAP,GCNet+AMBER,"(0.5,0.3,0.7)",Acc,std,1.46,1.4610514914475754,1.46,True,G03-seed1;G03-seed2;G03-seed3;G03-seed4;G03-seed5
T2-G03-wf1-mean,G03,2,IEMOCAP,GCNet+AMBER,"(0.5,0.3,0.7)",w-F1,mean,64.68,64.68107705119196,64.68,True,G03-seed1;G03-seed2;G03-seed3;G03-seed4;G03-seed5
T2-G03-wf1-std,G03,2,IEMOCAP,GCNet+AMBER,"(0.5,0.3,0.7)",w-F1,std,1.67,1.6684783729018877,1.67,True,G03-seed1;G03-seed2;G03-seed3;G03-seed4;G03-seed5
T2-G04-acc-mean,G04,2,IEMOCAP,GCNet+AMBER,"(0.5,0.7,0.3)",Acc,mean,60.58,60.57917436845349,60.58,True,G04-seed1;G04-seed2;G04-seed3;G04-seed4;G04-seed5
T2-G04-acc-std,G04,2,IEMOCAP,GCNet+AMBER,"(0.5,0.7,0.3)",Acc,std,0.95,0.9499397719511672,0.95,True,G04-seed1;G04-seed2;G04-seed3;G04-seed4;G04-seed5
T2-G04-wf1-mean,G04,2,IEMOCAP,GCNet+AMBER,"(0.5,0.7,0.3)",w-F1,mean,60.22,60.21623311425024,60.22,True,G04-seed1;G04-seed2;G04-seed3;G04-seed4;G04-seed5
T2-G04-wf1-std,G04,2,IEMOCAP,GCNet+AMBER,"(0.5,0.7,0.3)",w-F1,std,0.92,0.9169578865241894,0.92,True,G04-seed1;G04-seed2;G04-seed3;G04-seed4;G04-seed5
T2-G05-acc-mean,G05,2,IEMOCAP,GCNet+AMBER,"(0.7,0.3,0.5)",Acc,mean,65.35,65.34812076401725,65.35,True,G05-seed1;G05-seed2;G05-seed3;G05-seed4;G05-seed5
T2-G05-acc-std,G05,2,IEMOCAP,GCNet+AMBER,"(0.7,0.3,0.5)",Acc,std,0.92,0.9238035644604485,0.92,True,G05-seed1;G05-seed2;G05-seed3;G05-seed4;G05-seed5
T2-G05-wf1-mean,G05,2,IEMOCAP,GCNet+AMBER,"(0.7,0.3,0.5)",w-F1,mean,64.9,64.89942502227066,64.9,True,G05-seed1;G05-seed2;G05-seed3;G05-seed4;G05-seed5
T2-G05-wf1-std,G05,2,IEMOCAP,GCNet+AMBER,"(0.7,0.3,0.5)",w-F1,std,0.81,0.8104745590358188,0.81,True,G05-seed1;G05-seed2;G05-seed3;G05-seed4;G05-seed5
T2-G06-acc-mean,G06,2,IEMOCAP,GCNet+AMBER,"(0.7,0.5,0.3)",Acc,mean,62.38,62.378311768330256,62.38,True,G06-seed1;G06-seed2;G06-seed3;G06-seed4;G06-seed5
T2-G06-acc-std,G06,2,IEMOCAP,GCNet+AMBER,"(0.7,0.5,0.3)",Acc,std,0.48,0.4764661720069311,0.48,True,G06-seed1;G06-seed2;G06-seed3;G06-seed4;G06-seed5
T2-G06-wf1-mean,G06,2,IEMOCAP,GCNet+AMBER,"(0.7,0.5,0.3)",w-F1,mean,61.87,61.86526635913536,61.87,True,G06-seed1;G06-seed2;G06-seed3;G06-seed4;G06-seed5
T2-G06-wf1-std,G06,2,IEMOCAP,GCNet+AMBER,"(0.7,0.5,0.3)",w-F1,std,0.35,0.3464419054923814,0.35,True,G06-seed1;G06-seed2;G06-seed3;G06-seed4;G06-seed5
T2-G07-acc-mean,G07,2,IEMOCAP,MMGCN+AMBER,"(0.3,0.5,0.7)",Acc,mean,64.65,64.64571780653111,64.65,True,G07-seed1;G07-seed2;G07-seed3;G07-seed4;G07-seed5
T2-G07-acc-std,G07,2,IEMOCAP,MMGCN+AMBER,"(0.3,0.5,0.7)",Acc,std,1.33,1.331068422530257,1.33,True,G07-seed1;G07-seed2;G07-seed3;G07-seed4;G07-seed5
T2-G07-wf1-mean,G07,2,IEMOCAP,MMGCN+AMBER,"(0.3,0.5,0.7)",w-F1,mean,64.5,64.50419018926823,64.5,True,G07-seed1;G07-seed2;G07-seed3;G07-seed4;G07-seed5
T2-G07-wf1-std,G07,2,IEMOCAP,MMGCN+AMBER,"(0.3,0.5,0.7)",w-F1,std,1.24,1.241942215495473,1.24,True,G07-seed1;G07-seed2;G07-seed3;G07-seed4;G07-seed5
T2-G08-acc-mean,G08,2,IEMOCAP,MMGCN+AMBER,"(0.3,0.7,0.5)",Acc,mean,63.08,63.080714725816385,63.08,True,G08-seed1;G08-seed2;G08-seed3;G08-seed4;G08-seed5
T2-G08-acc-std,G08,2,IEMOCAP,MMGCN+AMBER,"(0.3,0.7,0.5)",Acc,std,0.6,0.6043228507819722,0.6,True,G08-seed1;G08-seed2;G08-seed3;G08-seed4;G08-seed5
T2-G08-wf1-mean,G08,2,IEMOCAP,MMGCN+AMBER,"(0.3,0.7,0.5)",w-F1,mean,62.73,62.73140282389919,62.73,True,G08-seed1;G08-seed2;G08-seed3;G08-seed4;G08-seed5
T2-G08-wf1-std,G08,2,IEMOCAP,MMGCN+AMBER,"(0.3,0.7,0.5)",w-F1,std,0.49,0.49228199266187234,0.49,True,G08-seed1;G08-seed2;G08-seed3;G08-seed4;G08-seed5
T2-G09-acc-mean,G09,2,IEMOCAP,MMGCN+AMBER,"(0.5,0.3,0.7)",Acc,mean,65.41,65.40973505853358,65.41,True,G09-seed1;G09-seed2;G09-seed3;G09-seed4;G09-seed5
T2-G09-acc-std,G09,2,IEMOCAP,MMGCN+AMBER,"(0.5,0.3,0.7)",Acc,std,0.52,0.5166056393408369,0.52,True,G09-seed1;G09-seed2;G09-seed3;G09-seed4;G09-seed5
T2-G09-wf1-mean,G09,2,IEMOCAP,MMGCN+AMBER,"(0.5,0.3,0.7)",w-F1,mean,65.25,65.25047360238618,65.25,True,G09-seed1;G09-seed2;G09-seed3;G09-seed4;G09-seed5
T2-G09-wf1-std,G09,2,IEMOCAP,MMGCN+AMBER,"(0.5,0.3,0.7)",w-F1,std,0.5,0.49744601902902796,0.5,True,G09-seed1;G09-seed2;G09-seed3;G09-seed4;G09-seed5
T2-G10-acc-mean,G10,2,IEMOCAP,MMGCN+AMBER,"(0.5,0.7,0.3)",Acc,mean,62.98,62.982131854590264,62.98,True,G10-seed1;G10-seed2;G10-seed3;G10-seed4;G10-seed5
T2-G10-acc-std,G10,2,IEMOCAP,MMGCN+AMBER,"(0.5,0.7,0.3)",Acc,std,0.78,0.7847058767681019,0.78,True,G10-seed1;G10-seed2;G10-seed3;G10-seed4;G10-seed5
T2-G10-wf1-mean,G10,2,IEMOCAP,MMGCN+AMBER,"(0.5,0.7,0.3)",w-F1,mean,62.68,62.6822622422187,62.68,True,G10-seed1;G10-seed2;G10-seed3;G10-seed4;G10-seed5
T2-G10-wf1-std,G10,2,IEMOCAP,MMGCN+AMBER,"(0.5,0.7,0.3)",w-F1,std,0.88,0.879586406923455,0.88,True,G10-seed1;G10-seed2;G10-seed3;G10-seed4;G10-seed5
T2-G11-acc-mean,G11,2,IEMOCAP,MMGCN+AMBER,"(0.7,0.3,0.5)",Acc,mean,64.05,64.05422057917437,64.05,True,G11-seed1;G11-seed2;G11-seed3;G11-seed4;G11-seed5
T2-G11-acc-std,G11,2,IEMOCAP,MMGCN+AMBER,"(0.7,0.3,0.5)",Acc,std,1.61,1.6117762431206297,1.61,True,G11-seed1;G11-seed2;G11-seed3;G11-seed4;G11-seed5
T2-G11-wf1-mean,G11,2,IEMOCAP,MMGCN+AMBER,"(0.7,0.3,0.5)",w-F1,mean,63.89,63.885268508690785,63.89,True,G11-seed1;G11-seed2;G11-seed3;G11-seed4;G11-seed5
T2-G11-wf1-std,G11,2,IEMOCAP,MMGCN+AMBER,"(0.7,0.3,0.5)",w-F1,std,1.51,1.5065710868438624,1.51,True,G11-seed1;G11-seed2;G11-seed3;G11-seed4;G11-seed5
T2-G12-acc-mean,G12,2,IEMOCAP,MMGCN+AMBER,"(0.7,0.5,0.3)",Acc,mean,63.13,63.13000616142945,63.13,True,G12-seed1;G12-seed2;G12-seed3;G12-seed4;G12-seed5
T2-G12-acc-std,G12,2,IEMOCAP,MMGCN+AMBER,"(0.7,0.5,0.3)",Acc,std,0.81,0.8111118784356879,0.81,True,G12-seed1;G12-seed2;G12-seed3;G12-seed4;G12-seed5
T2-G12-wf1-mean,G12,2,IEMOCAP,MMGCN+AMBER,"(0.7,0.5,0.3)",w-F1,mean,62.8,62.804348350723615,62.8,True,G12-seed1;G12-seed2;G12-seed3;G12-seed4;G12-seed5
T2-G12-wf1-std,G12,2,IEMOCAP,MMGCN+AMBER,"(0.7,0.5,0.3)",w-F1,std,0.74,0.7389014756574646,0.74,True,G12-seed1;G12-seed2;G12-seed3;G12-seed4;G12-seed5
T2-G13-acc-mean,G13,2,IEMOCAP,MM-DFN+AMBER,"(0.3,0.5,0.7)",Acc,mean,67.43,67.43068391866913,67.43,True,G13-seed1;G13-seed2;G13-seed3;G13-seed4;G13-seed5
T2-G13-acc-std,G13,2,IEMOCAP,MM-DFN+AMBER,"(0.3,0.5,0.7)",Acc,std,0.71,0.7127045590102898,0.71,True,G13-seed1;G13-seed2;G13-seed3;G13-seed4;G13-seed5
T2-G13-wf1-mean,G13,2,IEMOCAP,MM-DFN+AMBER,"(0.3,0.5,0.7)",w-F1,mean,67.02,67.02342583381117,67.02,True,G13-seed1;G13-seed2;G13-seed3;G13-seed4;G13-seed5
T2-G13-wf1-std,G13,2,IEMOCAP,MM-DFN+AMBER,"(0.3,0.5,0.7)",w-F1,std,0.56,0.5645608406454424,0.56,True,G13-seed1;G13-seed2;G13-seed3;G13-seed4;G13-seed5
T2-G14-acc-mean,G14,2,IEMOCAP,MM-DFN+AMBER,"(0.3,0.7,0.5)",Acc,mean,65.0,65.00308071472581,65.0,True,G14-seed1;G14-seed2;G14-seed3;G14-seed4;G14-seed5
T2-G14-acc-std,G14,2,IEMOCAP,MM-DFN+AMBER,"(0.3,0.7,0.5)",Acc,std,0.91,0.9065889691658764,0.91,True,G14-seed1;G14-seed2;G14-seed3;G14-seed4;G14-seed5
T2-G14-wf1-mean,G14,2,IEMOCAP,MM-DFN+AMBER,"(0.3,0.7,0.5)",w-F1,mean,64.41,64.41415439187102,64.41,True,G14-seed1;G14-seed2;G14-seed3;G14-seed4;G14-seed5
T2-G14-wf1-std,G14,2,IEMOCAP,MM-DFN+AMBER,"(0.3,0.7,0.5)",w-F1,std,1.01,1.0144428222289572,1.01,True,G14-seed1;G14-seed2;G14-seed3;G14-seed4;G14-seed5
T2-G15-acc-mean,G15,2,IEMOCAP,MM-DFN+AMBER,"(0.5,0.3,0.7)",Acc,mean,68.43,68.42883548983365,68.43,True,G15-seed1;G15-seed2;G15-seed3;G15-seed4;G15-seed5
T2-G15-acc-std,G15,2,IEMOCAP,MM-DFN+AMBER,"(0.5,0.3,0.7)",Acc,std,0.71,0.712704559010289,0.71,True,G15-seed1;G15-seed2;G15-seed3;G15-seed4;G15-seed5
T2-G15-wf1-mean,G15,2,IEMOCAP,MM-DFN+AMBER,"(0.5,0.3,0.7)",w-F1,mean,68.12,68.11641553819092,68.12,True,G15-seed1;G15-seed2;G15-seed3;G15-seed4;G15-seed5
T2-G15-wf1-std,G15,2,IEMOCAP,MM-DFN+AMBER,"(0.5,0.3,0.7)",w-F1,std,0.81,0.8149770958742601,0.81,True,G15-seed1;G15-seed2;G15-seed3;G15-seed4;G15-seed5
T2-G16-acc-mean,G16,2,IEMOCAP,MM-DFN+AMBER,"(0.5,0.7,0.3)",Acc,mean,64.66,64.65804066543438,64.66,True,G16-seed1;G16-seed2;G16-seed3;G16-seed4;G16-seed5
T2-G16-acc-std,G16,2,IEMOCAP,MM-DFN+AMBER,"(0.5,0.7,0.3)",Acc,std,0.75,0.7490636064290368,0.75,True,G16-seed1;G16-seed2;G16-seed3;G16-seed4;G16-seed5
T2-G16-wf1-mean,G16,2,IEMOCAP,MM-DFN+AMBER,"(0.5,0.7,0.3)",w-F1,mean,64.06,64.06340241397254,64.06,True,G16-seed1;G16-seed2;G16-seed3;G16-seed4;G16-seed5
T2-G16-wf1-std,G16,2,IEMOCAP,MM-DFN+AMBER,"(0.5,0.7,0.3)",w-F1,std,0.61,0.6146364910893478,0.61,True,G16-seed1;G16-seed2;G16-seed3;G16-seed4;G16-seed5
T2-G17-acc-mean,G17,2,IEMOCAP,MM-DFN+AMBER,"(0.7,0.3,0.5)",Acc,mean,67.65,67.65249537892791,67.65,True,G17-seed1;G17-seed2;G17-seed3;G17-seed4;G17-seed5
T2-G17-acc-std,G17,2,IEMOCAP,MM-DFN+AMBER,"(0.7,0.3,0.5)",Acc,std,0.68,0.6763554651910079,0.68,True,G17-seed1;G17-seed2;G17-seed3;G17-seed4;G17-seed5
T2-G17-wf1-mean,G17,2,IEMOCAP,MM-DFN+AMBER,"(0.7,0.3,0.5)",w-F1,mean,67.41,67.40608434604965,67.41,True,G17-seed1;G17-seed2;G17-seed3;G17-seed4;G17-seed5
T2-G17-wf1-std,G17,2,IEMOCAP,MM-DFN+AMBER,"(0.7,0.3,0.5)",w-F1,std,0.67,0.6693550036101668,0.67,True,G17-seed1;G17-seed2;G17-seed3;G17-seed4;G17-seed5
T2-G18-acc-mean,G18,2,IEMOCAP,MM-DFN+AMBER,"(0.7,0.5,0.3)",Acc,mean,66.49,66.49414664202095,66.49,True,G18-seed1;G18-seed2;G18-seed3;G18-seed4;G18-seed5
T2-G18-acc-std,G18,2,IEMOCAP,MM-DFN+AMBER,"(0.7,0.5,0.3)",Acc,std,0.63,0.6319596502751958,0.63,True,G18-seed1;G18-seed2;G18-seed3;G18-seed4;G18-seed5
T2-G18-wf1-mean,G18,2,IEMOCAP,MM-DFN+AMBER,"(0.7,0.5,0.3)",w-F1,mean,65.94,65.940851250433,65.94,True,G18-seed1;G18-seed2;G18-seed3;G18-seed4;G18-seed5
T2-G18-wf1-std,G18,2,IEMOCAP,MM-DFN+AMBER,"(0.7,0.5,0.3)",w-F1,std,0.25,0.2541727317802685,0.25,True,G18-seed1;G18-seed2;G18-seed3;G18-seed4;G18-seed5
T3-G19-acc-mean,G19,3,CMU-MOSEI,GCNet+AMBER,"(0.3,0.5,0.7)",Acc,mean,81.77,81.76664832140891,81.77,True,G19-seed1;G19-seed2;G19-seed3;G19-seed4;G19-seed5
T3-G19-acc-std,G19,3,CMU-MOSEI,GCNet+AMBER,"(0.3,0.5,0.7)",Acc,std,0.29,0.2922601661497368,0.29,True,G19-seed1;G19-seed2;G19-seed3;G19-seed4;G19-seed5
T3-G19-wf1-mean,G19,3,CMU-MOSEI,GCNet+AMBER,"(0.3,0.5,0.7)",w-F1,mean,81.6,81.59649531556862,81.6,True,G19-seed1;G19-seed2;G19-seed3;G19-seed4;G19-seed5
T3-G19-wf1-std,G19,3,CMU-MOSEI,GCNet+AMBER,"(0.3,0.5,0.7)",w-F1,std,0.25,0.24860672883032445,0.25,True,G19-seed1;G19-seed2;G19-seed3;G19-seed4;G19-seed5
T3-G20-acc-mean,G20,3,CMU-MOSEI,GCNet+AMBER,"(0.3,0.7,0.5)",Acc,mean,79.59,79.59273527793066,79.59,True,G20-seed1;G20-seed2;G20-seed3;G20-seed4;G20-seed5
T3-G20-acc-std,G20,3,CMU-MOSEI,GCNet+AMBER,"(0.3,0.7,0.5)",Acc,std,0.64,0.6431772541810394,0.64,True,G20-seed1;G20-seed2;G20-seed3;G20-seed4;G20-seed5
T3-G20-wf1-mean,G20,3,CMU-MOSEI,GCNet+AMBER,"(0.3,0.7,0.5)",w-F1,mean,79.39,79.39490696367129,79.39,True,G20-seed1;G20-seed2;G20-seed3;G20-seed4;G20-seed5
T3-G20-wf1-std,G20,3,CMU-MOSEI,GCNet+AMBER,"(0.3,0.7,0.5)",w-F1,std,0.69,0.6886172116155909,0.69,True,G20-seed1;G20-seed2;G20-seed3;G20-seed4;G20-seed5
T3-G21-acc-mean,G21,3,CMU-MOSEI,GCNet+AMBER,"(0.5,0.3,0.7)",Acc,mean,84.18,84.17721518987342,84.18,True,G21-seed1;G21-seed2;G21-seed3;G21-seed4;G21-seed5
T3-G21-acc-std,G21,3,CMU-MOSEI,GCNet+AMBER,"(0.5,0.3,0.7)",Acc,std,0.57,0.5722794260617873,0.57,True,G21-seed1;G21-seed2;G21-seed3;G21-seed4;G21-seed5
T3-G21-wf1-mean,G21,3,CMU-MOSEI,GCNet+AMBER,"(0.5,0.3,0.7)",w-F1,mean,83.96,83.96018089157397,83.96,True,G21-seed1;G21-seed2;G21-seed3;G21-seed4;G21-seed5
T3-G21-wf1-std,G21,3,CMU-MOSEI,GCNet+AMBER,"(0.5,0.3,0.7)",w-F1,std,0.54,0.5433316954546581,0.54,True,G21-seed1;G21-seed2;G21-seed3;G21-seed4;G21-seed5
T3-G22-acc-mean,G22,3,CMU-MOSEI,GCNet+AMBER,"(0.5,0.7,0.3)",Acc,mean,78.92,78.9157952669235,78.92,True,G22-seed1;G22-seed2;G22-seed3;G22-seed4;G22-seed5
T3-G22-acc-std,G22,3,CMU-MOSEI,GCNet+AMBER,"(0.5,0.7,0.3)",Acc,std,0.34,0.34446854866892485,0.34,True,G22-seed1;G22-seed2;G22-seed3;G22-seed4;G22-seed5
T3-G22-wf1-mean,G22,3,CMU-MOSEI,GCNet+AMBER,"(0.5,0.7,0.3)",w-F1,mean,78.61,78.60634912907642,78.61,True,G22-seed1;G22-seed2;G22-seed3;G22-seed4;G22-seed5
T3-G22-wf1-std,G22,3,CMU-MOSEI,GCNet+AMBER,"(0.5,0.7,0.3)",w-F1,std,0.43,0.43461811638033127,0.43,True,G22-seed1;G22-seed2;G22-seed3;G22-seed4;G22-seed5
T3-G23-acc-mean,G23,3,CMU-MOSEI,GCNet+AMBER,"(0.7,0.3,0.5)",Acc,mean,84.07,84.07264722069345,84.07,True,G23-seed1;G23-seed2;G23-seed3;G23-seed4;G23-seed5
T3-G23-acc-std,G23,3,CMU-MOSEI,GCNet+AMBER,"(0.7,0.3,0.5)",Acc,std,0.29,0.29406824452157343,0.29,True,G23-seed1;G23-seed2;G23-seed3;G23-seed4;G23-seed5
T3-G23-wf1-mean,G23,3,CMU-MOSEI,GCNet+AMBER,"(0.7,0.3,0.5)",w-F1,mean,83.92,83.92344581073536,83.92,True,G23-seed1;G23-seed2;G23-seed3;G23-seed4;G23-seed5
T3-G23-wf1-std,G23,3,CMU-MOSEI,GCNet+AMBER,"(0.7,0.3,0.5)",w-F1,std,0.35,0.34793169836449883,0.35,True,G23-seed1;G23-seed2;G23-seed3;G23-seed4;G23-seed5
T3-G24-acc-mean,G24,3,CMU-MOSEI,GCNet+AMBER,"(0.7,0.5,0.3)",Acc,mean,82.31,82.30599889928453,82.31,True,G24-seed1;G24-seed2;G24-seed3;G24-seed4;G24-seed5
T3-G24-acc-std,G24,3,CMU-MOSEI,GCNet+AMBER,"(0.7,0.5,0.3)",Acc,std,0.24,0.23671781142109782,0.24,True,G24-seed1;G24-seed2;G24-seed3;G24-seed4;G24-seed5
T3-G24-wf1-mean,G24,3,CMU-MOSEI,GCNet+AMBER,"(0.7,0.5,0.3)",w-F1,mean,82.16,82.15770910736674,82.16,True,G24-seed1;G24-seed2;G24-seed3;G24-seed4;G24-seed5
T3-G24-wf1-std,G24,3,CMU-MOSEI,GCNet+AMBER,"(0.7,0.5,0.3)",w-F1,std,0.28,0.28373980734379023,0.28,True,G24-seed1;G24-seed2;G24-seed3;G24-seed4;G24-seed5
T3-G25-acc-mean,G25,3,CMU-MOSEI,MMGCN+AMBER,"(0.3,0.5,0.7)",Acc,mean,82.72,82.71876719867913,82.72,True,G25-seed1;G25-seed2;G25-seed3;G25-seed4;G25-seed5
T3-G25-acc-std,G25,3,CMU-MOSEI,MMGCN+AMBER,"(0.3,0.5,0.7)",Acc,std,0.15,0.14946038100165354,0.15,True,G25-seed1;G25-seed2;G25-seed3;G25-seed4;G25-seed5
T3-G25-wf1-mean,G25,3,CMU-MOSEI,MMGCN+AMBER,"(0.3,0.5,0.7)",w-F1,mean,82.59,82.58694541139307,82.59,True,G25-seed1;G25-seed2;G25-seed3;G25-seed4;G25-seed5
T3-G25-wf1-std,G25,3,CMU-MOSEI,MMGCN+AMBER,"(0.3,0.5,0.7)",w-F1,std,0.13,0.12522175109405007,0.13,True,G25-seed1;G25-seed2;G25-seed3;G25-seed4;G25-seed5
T3-G26-acc-mean,G26,3,CMU-MOSEI,MMGCN+AMBER,"(0.3,0.7,0.5)",Acc,mean,80.21,80.20913593835994,80.21,True,G26-seed1;G26-seed2;G26-seed3;G26-seed4;G26-seed5
T3-G26-acc-std,G26,3,CMU-MOSEI,MMGCN+AMBER,"(0.3,0.7,0.5)",Acc,std,0.24,0.23543477860437148,0.24,True,G26-seed1;G26-seed2;G26-seed3;G26-seed4;G26-seed5
T3-G26-wf1-mean,G26,3,CMU-MOSEI,MMGCN+AMBER,"(0.3,0.7,0.5)",w-F1,mean,79.77,79.77051223500155,79.77,True,G26-seed1;G26-seed2;G26-seed3;G26-seed4;G26-seed5
T3-G26-wf1-std,G26,3,CMU-MOSEI,MMGCN+AMBER,"(0.3,0.7,0.5)",w-F1,std,0.24,0.23996651178914902,0.24,True,G26-seed1;G26-seed2;G26-seed3;G26-seed4;G26-seed5
T3-G27-acc-mean,G27,3,CMU-MOSEI,MMGCN+AMBER,"(0.5,0.3,0.7)",Acc,mean,85.01,85.00825536598789,85.01,True,G27-seed1;G27-seed2;G27-seed3;G27-seed4;G27-seed5
T3-G27-acc-std,G27,3,CMU-MOSEI,MMGCN+AMBER,"(0.5,0.3,0.7)",Acc,std,0.21,0.20902728689964847,0.21,True,G27-seed1;G27-seed2;G27-seed3;G27-seed4;G27-seed5
T3-G27-wf1-mean,G27,3,CMU-MOSEI,MMGCN+AMBER,"(0.5,0.3,0.7)",w-F1,mean,84.87,84.87298520360089,84.87,True,G27-seed1;G27-seed2;G27-seed3;G27-seed4;G27-seed5
T3-G27-wf1-std,G27,3,CMU-MOSEI,MMGCN+AMBER,"(0.5,0.3,0.7)",w-F1,std,0.19,0.1903289230937576,0.19,True,G27-seed1;G27-seed2;G27-seed3;G27-seed4;G27-seed5
T3-G28-acc-mean,G28,3,CMU-MOSEI,MMGCN+AMBER,"(0.5,0.7,0.3)",Acc,mean,80.2,80.20363236103468,80.2,True,G28-seed1;G28-seed2;G28-seed3;G28-seed4;G28-seed5
T3-G28-acc-std,G28,3,CMU-MOSEI,MMGCN+AMBER,"(0.5,0.7,0.3)",Acc,std,0.55,0.5522806253957995,0.55,True,G28-seed1;G28-seed2;G28-seed3;G28-seed4;G28-seed5
T3-G28-wf1-mean,G28,3,CMU-MOSEI,MMGCN+AMBER,"(0.5,0.7,0.3)",w-F1,mean,79.95,79.95325843812326,79.95,True,G28-seed1;G28-seed2;G28-seed3;G28-seed4;G28-seed5
T3-G28-wf1-std,G28,3,CMU-MOSEI,MMGCN+AMBER,"(0.5,0.7,0.3)",w-F1,std,0.49,0.49388147361707846,0.49,True,G28-seed1;G28-seed2;G28-seed3;G28-seed4;G28-seed5
T3-G29-acc-mean,G29,3,CMU-MOSEI,MMGCN+AMBER,"(0.7,0.3,0.5)",Acc,mean,84.87,84.8651623555311,84.87,True,G29-seed1;G29-seed2;G29-seed3;G29-seed4;G29-seed5
T3-G29-acc-std,G29,3,CMU-MOSEI,MMGCN+AMBER,"(0.7,0.3,0.5)",Acc,std,0.15,0.15444375564559326,0.15,True,G29-seed1;G29-seed2;G29-seed3;G29-seed4;G29-seed5
T3-G29-wf1-mean,G29,3,CMU-MOSEI,MMGCN+AMBER,"(0.7,0.3,0.5)",w-F1,mean,84.74,84.74277691033684,84.74,True,G29-seed1;G29-seed2;G29-seed3;G29-seed4;G29-seed5
T3-G29-wf1-std,G29,3,CMU-MOSEI,MMGCN+AMBER,"(0.7,0.3,0.5)",w-F1,std,0.15,0.14796905606016816,0.15,True,G29-seed1;G29-seed2;G29-seed3;G29-seed4;G29-seed5
T3-G30-acc-mean,G30,3,CMU-MOSEI,MMGCN+AMBER,"(0.7,0.5,0.3)",Acc,mean,82.98,82.97743533296644,82.98,True,G30-seed1;G30-seed2;G30-seed3;G30-seed4;G30-seed5
T3-G30-acc-std,G30,3,CMU-MOSEI,MMGCN+AMBER,"(0.7,0.5,0.3)",Acc,std,0.31,0.3067966699431734,0.31,True,G30-seed1;G30-seed2;G30-seed3;G30-seed4;G30-seed5
T3-G30-wf1-mean,G30,3,CMU-MOSEI,MMGCN+AMBER,"(0.7,0.5,0.3)",w-F1,mean,82.8,82.80309792135971,82.8,True,G30-seed1;G30-seed2;G30-seed3;G30-seed4;G30-seed5
T3-G30-wf1-std,G30,3,CMU-MOSEI,MMGCN+AMBER,"(0.7,0.5,0.3)",w-F1,std,0.24,0.2383366788541802,0.24,True,G30-seed1;G30-seed2;G30-seed3;G30-seed4;G30-seed5
T3-G31-acc-mean,G31,3,CMU-MOSEI,MM-DFN+AMBER,"(0.3,0.5,0.7)",Acc,mean,82.75,82.7517886626307,82.75,True,G31-seed1;G31-seed2;G31-seed3;G31-seed4;G31-seed5
T3-G31-acc-std,G31,3,CMU-MOSEI,MM-DFN+AMBER,"(0.3,0.5,0.7)",Acc,std,0.22,0.2187628719246206,0.22,True,G31-seed1;G31-seed2;G31-seed3;G31-seed4;G31-seed5
T3-G31-wf1-mean,G31,3,CMU-MOSEI,MM-DFN+AMBER,"(0.3,0.5,0.7)",w-F1,mean,82.72,82.71935640624854,82.72,True,G31-seed1;G31-seed2;G31-seed3;G31-seed4;G31-seed5
T3-G31-wf1-std,G31,3,CMU-MOSEI,MM-DFN+AMBER,"(0.3,0.5,0.7)",w-F1,std,0.17,0.17219752315036216,0.17,True,G31-seed1;G31-seed2;G31-seed3;G31-seed4;G31-seed5
T3-G32-acc-mean,G32,3,CMU-MOSEI,MM-DFN+AMBER,"(0.3,0.7,0.5)",Acc,mean,79.82,79.82388552559163,79.82,True,G32-seed1;G32-seed2;G32-seed3;G32-seed4;G32-seed5
T3-G32-acc-std,G32,3,CMU-MOSEI,MM-DFN+AMBER,"(0.3,0.7,0.5)",Acc,std,0.21,0.20811965218700026,0.21,True,G32-seed1;G32-seed2;G32-seed3;G32-seed4;G32-seed5
T3-G32-wf1-mean,G32,3,CMU-MOSEI,MM-DFN+AMBER,"(0.3,0.7,0.5)",w-F1,mean,79.49,79.49151622559323,79.49,True,G32-seed1;G32-seed2;G32-seed3;G32-seed4;G32-seed5
T3-G32-wf1-std,G32,3,CMU-MOSEI,MM-DFN+AMBER,"(0.3,0.7,0.5)",w-F1,std,0.2,0.1993503679726689,0.2,True,G32-seed1;G32-seed2;G32-seed3;G32-seed4;G32-seed5
T3-G33-acc-mean,G33,3,CMU-MOSEI,MM-DFN+AMBER,"(0.5,0.3,0.7)",Acc,mean,84.81,84.81012658227849,84.81,True,G33-seed1;G33-seed2;G33-seed3;G33-seed4;G33-seed5
T3-G33-acc-std,G33,3,CMU-MOSEI,MM-DFN+AMBER,"(0.5,0.3,0.7)",Acc,std,0.07,0.07015712044018453,0.07,True,G33-seed1;G33-seed2;G33-seed3;G33-seed4;G33-seed5
T3-G33-wf1-mean,G33,3,CMU-MOSEI,MM-DFN+AMBER,"(0.5,0.3,0.7)",w-F1,mean,84.72,84.7246704722114,84.72,True,G33-seed1;G33-seed2;G33-seed3;G33-seed4;G33-seed5
T3-G33-wf1-std,G33,3,CMU-MOSEI,MM-DFN+AMBER,"(0.5,0.3,0.7)",w-F1,std,0.14,0.1388370634336772,0.14,True,G33-seed1;G33-seed2;G33-seed3;G33-seed4;G33-seed5
T3-G34-acc-mean,G34,3,CMU-MOSEI,MM-DFN+AMBER,"(0.5,0.7,0.3)",Acc,mean,79.82,79.82388552559163,79.82,True,G34-seed1;G34-seed2;G34-seed3;G34-seed4;G34-seed5
T3-G34-acc-std,G34,3,CMU-MOSEI,MM-DFN+AMBER,"(0.5,0.7,0.3)",Acc,std,0.23,0.2330100509633089,0.23,True,G34-seed1;G34-seed2;G34-seed3;G34-seed4;G34-seed5
T3-G34-wf1-mean,G34,3,CMU-MOSEI,MM-DFN+AMBER,"(0.5,0.7,0.3)",w-F1,mean,79.55,79.5530556291068,79.55,True,G34-seed1;G34-seed2;G34-seed3;G34-seed4;G34-seed5
T3-G34-wf1-std,G34,3,CMU-MOSEI,MM-DFN+AMBER,"(0.5,0.7,0.3)",w-F1,std,0.05,0.05104272406831218,0.05,True,G34-seed1;G34-seed2;G34-seed3;G34-seed4;G34-seed5
T3-G35-acc-mean,G35,3,CMU-MOSEI,MM-DFN+AMBER,"(0.7,0.3,0.5)",Acc,mean,84.96,84.9642267473858,84.96,True,G35-seed1;G35-seed2;G35-seed3;G35-seed4;G35-seed5
T3-G35-acc-std,G35,3,CMU-MOSEI,MM-DFN+AMBER,"(0.7,0.3,0.5)",Acc,std,0.29,0.2863711775618698,0.29,True,G35-seed1;G35-seed2;G35-seed3;G35-seed4;G35-seed5
T3-G35-wf1-mean,G35,3,CMU-MOSEI,MM-DFN+AMBER,"(0.7,0.3,0.5)",w-F1,mean,84.85,84.8499016213431,84.85,True,G35-seed1;G35-seed2;G35-seed3;G35-seed4;G35-seed5
T3-G35-wf1-std,G35,3,CMU-MOSEI,MM-DFN+AMBER,"(0.7,0.3,0.5)",w-F1,std,0.27,0.27073831749827976,0.27,True,G35-seed1;G35-seed2;G35-seed3;G35-seed4;G35-seed5
T3-G36-acc-mean,G36,3,CMU-MOSEI,MM-DFN+AMBER,"(0.7,0.5,0.3)",Acc,mean,82.86,82.85635663181068,82.86,True,G36-seed1;G36-seed2;G36-seed3;G36-seed4;G36-seed5
T3-G36-acc-std,G36,3,CMU-MOSEI,MM-DFN+AMBER,"(0.7,0.5,0.3)",Acc,std,0.67,0.6658532544063183,0.67,True,G36-seed1;G36-seed2;G36-seed3;G36-seed4;G36-seed5
T3-G36-wf1-mean,G36,3,CMU-MOSEI,MM-DFN+AMBER,"(0.7,0.5,0.3)",w-F1,mean,82.68,82.67978983653053,82.68,True,G36-seed1;G36-seed2;G36-seed3;G36-seed4;G36-seed5
T3-G36-wf1-std,G36,3,CMU-MOSEI,MM-DFN+AMBER,"(0.7,0.5,0.3)",w-F1,std,0.6,0.59948527356141,0.6,True,G36-seed1;G36-seed2;G36-seed3;G36-seed4;G36-seed5
