table,dataset,row_label,imr,metric,reported_value,reported_std,source_id,source_line,evidence_scope,group_id
2,IEMOCAP,MMIN,"(0.3,0.5,0.7)",Acc,55.97,,T2,26,existing_table_transcription_only,
2,IEMOCAP,MMIN,"(0.3,0.5,0.7)",w-F1,49.92,,T2,26,existing_table_transcription_only,
2,IEMOCAP,MMIN,"(0.3,0.7,0.5)",Acc,55.87,,T2,26,existing_table_transcription_only,
2,IEMOCAP,MMIN,"(0.3,0.7,0.5)",w-F1,49.83,,T2,26,existing_table_transcription_only,
2,IEMOCAP,MMIN,"(0.5,0.3,0.7)",Acc,56.4,,T2,26,existing_table_transcription_only,
2,IEMOCAP,MMIN,"(0.5,0.3,0.7)",w-F1,50.28,,T2,26,existing_table_transcription_only,
2,IEMOCAP,MMIN,"(0.5,0.7,0.3)",Acc,55.87,,T2,26,existing_table_transcription_only,
2,IEMOCAP,MMIN,"(0.5,0.7,0.3)",w-F1,49.75,,T2,26,existing_table_transcription_only,
2,IEMOCAP,MMIN,"(0.7,0.3,0.5)",Acc,55.87,,T2,26,existing_table_transcription_only,
2,IEMOCAP,MMIN,"(0.7,0.3,0.5)",w-F1,49.85,,T2,26,existing_table_transcription_only,
2,IEMOCAP,MMIN,"(0.7,0.5,0.3)",Acc,55.83,,T2,26,existing_table_transcription_only,
2,IEMOCAP,MMIN,"(0.7,0.5,0.3)",w-F1,49.73,,T2,26,existing_table_transcription_only,
2,IEMOCAP,GCNet,"(0.3,0.5,0.7)",Acc,58.04,,T2,27,existing_table_transcription_only,
2,IEMOCAP,GCNet,"(0.3,0.5,0.7)",w-F1,58.36,,T2,27,existing_table_transcription_only,
2,IEMOCAP,GCNet,"(0.3,0.7,0.5)",Acc,56.81,,T2,27,existing_table_transcription_only,
2,IEMOCAP,GCNet,"(0.3,0.7,0.5)",w-F1,56.83,,T2,27,existing_table_transcription_only,
2,IEMOCAP,GCNet,"(0.5,0.3,0.7)",Acc,61.61,,T2,27,existing_table_transcription_only,
2,IEMOCAP,GCNet,"(0.5,0.3,0.7)",w-F1,62.06,,T2,27,existing_table_transcription_only,
2,IEMOCAP,GCNet,"(0.5,0.7,0.3)",Acc,56.81,,T2,27,existing_table_transcription_only,
2,IEMOCAP,GCNet,"(0.5,0.7,0.3)",w-F1,56.99,,T2,27,existing_table_transcription_only,
2,IEMOCAP,GCNet,"(0.7,0.3,0.5)",Acc,59.64,,T2,27,existing_table_transcription_only,
2,IEMOCAP,GCNet,"(0.7,0.3,0.5)",w-F1,59.78,,T2,27,existing_table_transcription_only,
2,IEMOCAP,GCNet,"(0.7,0.5,0.3)",Acc,59.09,,T2,27,existing_table_transcription_only,
2,IEMOCAP,GCNet,"(0.7,0.5,0.3)",w-F1,59.19,,T2,27,existing_table_transcription_only,
2,IEMOCAP,MoMKE,"(0.3,0.5,0.7)",Acc,55.39,,T2,28,existing_table_transcription_only,
2,IEMOCAP,MoMKE,"(0.3,0.5,0.7)",w-F1,54.19,,T2,28,existing_table_transcription_only,
2,IEMOCAP,MoMKE,"(0.3,0.7,0.5)",Acc,50.83,,T2,28,existing_table_transcription_only,
2,IEMOCAP,MoMKE,"(0.3,0.7,0.5)",w-F1,49.7,,T2,28,existing_table_transcription_only,
2,IEMOCAP,MoMKE,"(0.5,0.3,0.7)",Acc,60.18,,T2,28,existing_table_transcription_only,
2,IEMOCAP,MoMKE,"(0.5,0.3,0.7)",w-F1,59.94,,T2,28,existing_table_transcription_only,
2,IEMOCAP,MoMKE,"(0.5,0.7,0.3)",Acc,50.77,,T2,28,existing_table_transcription_only,
2,IEMOCAP,MoMKE,"(0.5,0.7,0.3)",w-F1,50.15,,T2,28,existing_table_transcription_only,
2,IEMOCAP,MoMKE,"(0.7,0.3,0.5)",Acc,58.26,,T2,28,existing_table_transcription_only,
2,IEMOCAP,MoMKE,"(0.7,0.3,0.5)",w-F1,58.45,,T2,28,existing_table_transcription_only,
2,IEMOCAP,MoMKE,"(0.7,0.5,0.3)",Acc,54.78,,T2,28,existing_table_transcription_only,
2,IEMOCAP,MoMKE,"(0.7,0.5,0.3)",w-F1,54.92,,T2,28,existing_table_transcription_only,
2,IEMOCAP,Ada2I,"(0.3,0.5,0.7)",Acc,61.98,,T2,29,existing_table_transcription_only,
2,IEMOCAP,Ada2I,"(0.3,0.5,0.7)",w-F1,60.68,,T2,29,existing_table_transcription_only,
2,IEMOCAP,Ada2I,"(0.3,0.7,0.5)",Acc,61.98,,T2,29,existing_table_transcription_only,
2,IEMOCAP,Ada2I,"(0.3,0.7,0.5)",w-F1,61.46,,T2,29,existing_table_transcription_only,
2,IEMOCAP,Ada2I,"(0.5,0.3,0.7)",Acc,61.37,,T2,29,existing_table_transcription_only,
2,IEMOCAP,Ada2I,"(0.5,0.3,0.7)",w-F1,60.45,,T2,29,existing_table_transcription_only,
2,IEMOCAP,Ada2I,"(0.5,0.7,0.3)",Acc,58.1,,T2,29,existing_table_transcription_only,
2,IEMOCAP,Ada2I,"(0.5,0.7,0.3)",w-F1,58.22,,T2,29,existing_table_transcription_only,
2,IEMOCAP,Ada2I,"(0.7,0.3,0.5)",Acc,61.74,,T2,29,existing_table_transcription_only,
2,IEMOCAP,Ada2I,"(0.7,0.3,0.5)",w-F1,60.9,,T2,29,existing_table_transcription_only,
2,IEMOCAP,Ada2I,"(0.7,0.5,0.3)",Acc,57.73,,T2,29,existing_table_transcription_only,
2,IEMOCAP,Ada2I,"(0.7,0.5,0.3)",w-F1,54.76,,T2,29,existing_table_transcription_only,
2,IEMOCAP,RedCore,"(0.3,0.5,0.7)",Acc,46.27,,T2,30,existing_table_transcription_only,
2,IEMOCAP,RedCore,"(0.3,0.5,0.7)",w-F1,46.32,,T2,30,existing_table_transcription_only,
2,IEMOCAP,RedCore,"(0.3,0.7,0.5)",Acc,43.38,,T2,30,existing_table_transcription_only,
2,IEMOCAP,RedCore,"(0.3,0.7,0.5)",w-F1,43.4,,T2,30,existing_table_transcription_only,
2,IEMOCAP,RedCore,"(0.5,0.3,0.7)",Acc,50.15,,T2,30,existing_table_transcription_only,
2,IEMOCAP,RedCore,"(0.5,0.3,0.7)",w-F1,47.92,,T2,30,existing_table_transcription_only,
2,IEMOCAP,RedCore,"(0.5,0.7,0.3)",Acc,43.69,,T2,30,existing_table_transcription_only,
2,IEMOCAP,RedCore,"(0.5,0.7,0.3)",w-F1,43.6,,T2,30,existing_table_transcription_only,
2,IEMOCAP,RedCore,"(0.7,0.3,0.5)",Acc,50.59,,T2,30,existing_table_transcription_only,
2,IEMOCAP,RedCore,"(0.7,0.3,0.5)",w-F1,50.53,,T2,30,existing_table_transcription_only,
2,IEMOCAP,RedCore,"(0.7,0.5,0.3)",Acc,46.09,,T2,30,existing_table_transcription_only,
2,IEMOCAP,RedCore,"(0.7,0.5,0.3)",w-F1,46.21,,T2,30,existing_table_transcription_only,
2,IEMOCAP,Mi-CGA,"(0.3,0.5,0.7)",Acc,58.84,,T2,31,existing_table_transcription_only,
2,IEMOCAP,Mi-CGA,"(0.3,0.5,0.7)",w-F1,58.8,,T2,31,existing_table_transcription_only,
2,IEMOCAP,Mi-CGA,"(0.3,0.7,0.5)",Acc,54.65,,T2,31,existing_table_transcription_only,
2,IEMOCAP,Mi-CGA,"(0.3,0.7,0.5)",w-F1,54.61,,T2,31,existing_table_transcription_only,
2,IEMOCAP,Mi-CGA,"(0.5,0.3,0.7)",Acc,60.5,,T2,31,existing_table_transcription_only,
2,IEMOCAP,Mi-CGA,"(0.5,0.3,0.7)",w-F1,60.25,,T2,31,existing_table_transcription_only,
2,IEMOCAP,Mi-CGA,"(0.5,0.7,0.3)",Acc,56.19,,T2,31,existing_table_transcription_only,
2,IEMOCAP,Mi-CGA,"(0.5,0.7,0.3)",w-F1,56.11,,T2,31,existing_table_transcription_only,
2,IEMOCAP,Mi-CGA,"(0.7,0.3,0.5)",Acc,58.84,,T2,31,existing_table_transcription_only,
2,IEMOCAP,Mi-CGA,"(0.7,0.3,0.5)",w-F1,58.63,,T2,31,existing_table_transcription_only,
2,IEMOCAP,Mi-CGA,"(0.7,0.5,0.3)",Acc,58.72,,T2,31,existing_table_transcription_only,
2,IEMOCAP,Mi-CGA,"(0.7,0.5,0.3)",w-F1,58.22,,T2,31,existing_table_transcription_only,
2,IEMOCAP,SDR-GNN,"(0.3,0.5,0.7)",Acc,59.46,,T2,32,existing_table_transcription_only,
2,IEMOCAP,SDR-GNN,"(0.3,0.5,0.7)",w-F1,59.34,,T2,32,existing_table_transcription_only,
2,IEMOCAP,SDR-GNN,"(0.3,0.7,0.5)",Acc,54.16,,T2,32,existing_table_transcription_only,
2,IEMOCAP,SDR-GNN,"(0.3,0.7,0.5)",w-F1,53.59,,T2,32,existing_table_transcription_only,
2,IEMOCAP,SDR-GNN,"(0.5,0.3,0.7)",Acc,58.53,,T2,32,existing_table_transcription_only,
2,IEMOCAP,SDR-GNN,"(0.5,0.3,0.7)",w-F1,58.42,,T2,32,existing_table_transcription_only,
2,IEMOCAP,SDR-GNN,"(0.5,0.7,0.3)",Acc,56.56,,T2,32,existing_table_transcription_only,
2,IEMOCAP,SDR-GNN,"(0.5,0.7,0.3)",w-F1,56.77,,T2,32,existing_table_transcription_only,
2,IEMOCAP,SDR-GNN,"(0.7,0.3,0.5)",Acc,55.14,,T2,32,existing_table_transcription_only,
2,IEMOCAP,SDR-GNN,"(0.7,0.3,0.5)",w-F1,55.22,,T2,32,existing_table_transcription_only,
2,IEMOCAP,SDR-GNN,"(0.7,0.5,0.3)",Acc,55.45,,T2,32,existing_table_transcription_only,
2,IEMOCAP,SDR-GNN,"(0.7,0.5,0.3)",w-F1,55.17,,T2,32,existing_table_transcription_only,
2,IEMOCAP,MCE,"(0.3,0.5,0.7)",Acc,46.52,,T2,33,existing_table_transcription_only,
2,IEMOCAP,MCE,"(0.3,0.5,0.7)",w-F1,45.54,,T2,33,existing_table_transcription_only,
2,IEMOCAP,MCE,"(0.3,0.7,0.5)",Acc,44.36,,T2,33,existing_table_transcription_only,
2,IEMOCAP,MCE,"(0.3,0.7,0.5)",w-F1,43.48,,T2,33,existing_table_transcription_only,
2,IEMOCAP,MCE,"(0.5,0.3,0.7)",Acc,50.65,,T2,33,existing_table_transcription_only,
2,IEMOCAP,MCE,"(0.5,0.3,0.7)",w-F1,49.22,,T2,33,existing_table_transcription_only,
2,IEMOCAP,MCE,"(0.5,0.7,0.3)",Acc,42.64,,T2,33,existing_table_transcription_only,
2,IEMOCAP,MCE,"(0.5,0.7,0.3)",w-F1,41.7,,T2,33,existing_table_transcription_only,
2,IEMOCAP,MCE,"(0.7,0.3,0.5)",Acc,50.34,,T2,33,existing_table_transcription_only,
2,IEMOCAP,MCE,"(0.7,0.3,0.5)",w-F1,49.45,,T2,33,existing_table_transcription_only,
2,IEMOCAP,MCE,"(0.7,0.5,0.3)",Acc,44.73,,T2,33,existing_table_transcription_only,
2,IEMOCAP,MCE,"(0.7,0.5,0.3)",w-F1,44.4,,T2,33,existing_table_transcription_only,
2,IEMOCAP,GCNet+BALM,"(0.3,0.5,0.7)",Acc,61.31,0.75,T2,34,existing_table_transcription_only,
2,IEMOCAP,GCNet+BALM,"(0.3,0.5,0.7)",w-F1,61.33,0.7,T2,34,existing_table_transcription_only,
2,IEMOCAP,GCNet+BALM,"(0.3,0.7,0.5)",Acc,57.36,0.76,T2,34,existing_table_transcription_only,
2,IEMOCAP,GCNet+BALM,"(0.3,0.7,0.5)",w-F1,57.0,0.83,T2,34,existing_table_transcription_only,
2,IEMOCAP,GCNet+BALM,"(0.5,0.3,0.7)",Acc,61.31,0.63,T2,34,existing_table_transcription_only,
2,IEMOCAP,GCNet+BALM,"(0.5,0.3,0.7)",w-F1,61.62,0.59,T2,34,existing_table_transcription_only,
2,IEMOCAP,GCNet+BALM,"(0.5,0.7,0.3)",Acc,57.64,1.1,T2,34,existing_table_transcription_only,
2,IEMOCAP,GCNet+BALM,"(0.5,0.7,0.3)",w-F1,57.64,1.22,T2,34,existing_table_transcription_only,
2,IEMOCAP,GCNet+BALM,"(0.7,0.3,0.5)",Acc,59.33,0.46,T2,34,existing_table_transcription_only,
2,IEMOCAP,GCNet+BALM,"(0.7,0.3,0.5)",w-F1,59.39,0.5,T2,34,existing_table_transcription_only,
2,IEMOCAP,GCNet+BALM,"(0.7,0.5,0.3)",Acc,60.26,0.83,T2,34,existing_table_transcription_only,
2,IEMOCAP,GCNet+BALM,"(0.7,0.5,0.3)",w-F1,60.58,0.96,T2,34,existing_table_transcription_only,
2,IEMOCAP,GCNet+AMBER,"(0.3,0.5,0.7)",Acc,61.85,1.03,T2,36,run_summary_and_log_excerpt_verified,G01
2,IEMOCAP,GCNet+AMBER,"(0.3,0.5,0.7)",w-F1,61.68,1.08,T2,36,run_summary_and_log_excerpt_verified,G01
2,IEMOCAP,GCNet+AMBER,"(0.3,0.7,0.5)",Acc,59.93,0.69,T2,36,run_summary_and_log_excerpt_verified,G02
2,IEMOCAP,GCNet+AMBER,"(0.3,0.7,0.5)",w-F1,59.2,0.5,T2,36,run_summary_and_log_excerpt_verified,G02
2,IEMOCAP,GCNet+AMBER,"(0.5,0.3,0.7)",Acc,65.16,1.46,T2,36,run_summary_and_log_excerpt_verified,G03
2,IEMOCAP,GCNet+AMBER,"(0.5,0.3,0.7)",w-F1,64.68,1.67,T2,36,run_summary_and_log_excerpt_verified,G03
2,IEMOCAP,GCNet+AMBER,"(0.5,0.7,0.3)",Acc,60.58,0.95,T2,36,run_summary_and_log_excerpt_verified,G04
2,IEMOCAP,GCNet+AMBER,"(0.5,0.7,0.3)",w-F1,60.22,0.92,T2,36,run_summary_and_log_excerpt_verified,G04
2,IEMOCAP,GCNet+AMBER,"(0.7,0.3,0.5)",Acc,65.35,0.92,T2,36,run_summary_and_log_excerpt_verified,G05
2,IEMOCAP,GCNet+AMBER,"(0.7,0.3,0.5)",w-F1,64.9,0.81,T2,36,run_summary_and_log_excerpt_verified,G05
2,IEMOCAP,GCNet+AMBER,"(0.7,0.5,0.3)",Acc,62.38,0.48,T2,36,run_summary_and_log_excerpt_verified,G06
2,IEMOCAP,GCNet+AMBER,"(0.7,0.5,0.3)",w-F1,61.87,0.35,T2,36,run_summary_and_log_excerpt_verified,G06
2,IEMOCAP,Delta (vs. original GCNet),"(0.3,0.5,0.7)",Acc,3.81,,T2,37,existing_table_transcription_only,
2,IEMOCAP,Delta (vs. original GCNet),"(0.3,0.5,0.7)",w-F1,3.32,,T2,37,existing_table_transcription_only,
2,IEMOCAP,Delta (vs. original GCNet),"(0.3,0.7,0.5)",Acc,3.12,,T2,37,existing_table_transcription_only,
2,IEMOCAP,Delta (vs. original GCNet),"(0.3,0.7,0.5)",w-F1,2.37,,T2,37,existing_table_transcription_only,
2,IEMOCAP,Delta (vs. original GCNet),"(0.5,0.3,0.7)",Acc,3.55,,T2,37,existing_table_transcription_only,
2,IEMOCAP,Delta (vs. original GCNet),"(0.5,0.3,0.7)",w-F1,2.62,,T2,37,existing_table_transcription_only,
2,IEMOCAP,Delta (vs. original GCNet),"(0.5,0.7,0.3)",Acc,3.77,,T2,37,existing_table_transcription_only,
2,IEMOCAP,Delta (vs. original GCNet),"(0.5,0.7,0.3)",w-F1,3.23,,T2,37,existing_table_transcription_only,
2,IEMOCAP,Delta (vs. original GCNet),"(0.7,0.3,0.5)",Acc,5.71,,T2,37,existing_table_transcription_only,
2,IEMOCAP,Delta (vs. original GCNet),"(0.7,0.3,0.5)",w-F1,5.12,,T2,37,existing_table_transcription_only,
2,IEMOCAP,Delta (vs. original GCNet),"(0.7,0.5,0.3)",Acc,3.29,,T2,37,existing_table_transcription_only,
2,IEMOCAP,Delta (vs. original GCNet),"(0.7,0.5,0.3)",w-F1,2.68,,T2,37,existing_table_transcription_only,
2,IEMOCAP,Delta1 (vs. Group 1 mean) [GCNet],"(0.3,0.5,0.7)",Acc,6.54,,T2,38,existing_table_transcription_only,
2,IEMOCAP,Delta1 (vs. Group 1 mean) [GCNet],"(0.3,0.5,0.7)",w-F1,7.54,,T2,38,existing_table_transcription_only,
2,IEMOCAP,Delta1 (vs. Group 1 mean) [GCNet],"(0.3,0.7,0.5)",Acc,7.17,,T2,38,existing_table_transcription_only,
2,IEMOCAP,Delta1 (vs. Group 1 mean) [GCNet],"(0.3,0.7,0.5)",w-F1,7.59,,T2,38,existing_table_transcription_only,
2,IEMOCAP,Delta1 (vs. Group 1 mean) [GCNet],"(0.5,0.3,0.7)",Acc,7.74,,T2,38,existing_table_transcription_only,
2,IEMOCAP,Delta1 (vs. Group 1 mean) [GCNet],"(0.5,0.3,0.7)",w-F1,8.61,,T2,38,existing_table_transcription_only,
2,IEMOCAP,Delta1 (vs. Group 1 mean) [GCNet],"(0.5,0.7,0.3)",Acc,8.0,,T2,38,existing_table_transcription_only,
2,IEMOCAP,Delta1 (vs. Group 1 mean) [GCNet],"(0.5,0.7,0.3)",w-F1,8.55,,T2,38,existing_table_transcription_only,
2,IEMOCAP,Delta1 (vs. Group 1 mean) [GCNet],"(0.7,0.3,0.5)",Acc,9.05,,T2,38,existing_table_transcription_only,
2,IEMOCAP,Delta1 (vs. Group 1 mean) [GCNet],"(0.7,0.3,0.5)",w-F1,9.55,,T2,38,existing_table_transcription_only,
2,IEMOCAP,Delta1 (vs. Group 1 mean) [GCNet],"(0.7,0.5,0.3)",Acc,8.33,,T2,38,existing_table_transcription_only,
2,IEMOCAP,Delta1 (vs. Group 1 mean) [GCNet],"(0.7,0.5,0.3)",w-F1,9.04,,T2,38,existing_table_transcription_only,
2,IEMOCAP,MMGCN,"(0.3,0.5,0.7)",Acc,63.59,,T2,42,existing_table_transcription_only,
2,IEMOCAP,MMGCN,"(0.3,0.5,0.7)",w-F1,63.62,,T2,42,existing_table_transcription_only,
2,IEMOCAP,MMGCN,"(0.3,0.7,0.5)",Acc,59.09,,T2,42,existing_table_transcription_only,
2,IEMOCAP,MMGCN,"(0.3,0.7,0.5)",w-F1,58.99,,T2,42,existing_table_transcription_only,
2,IEMOCAP,MMGCN,"(0.5,0.3,0.7)",Acc,64.63,,T2,42,existing_table_transcription_only,
2,IEMOCAP,MMGCN,"(0.5,0.3,0.7)",w-F1,64.95,,T2,42,existing_table_transcription_only,
2,IEMOCAP,MMGCN,"(0.5,0.7,0.3)",Acc,57.79,,T2,42,existing_table_transcription_only,
2,IEMOCAP,MMGCN,"(0.5,0.7,0.3)",w-F1,57.99,,T2,42,existing_table_transcription_only,
2,IEMOCAP,MMGCN,"(0.7,0.3,0.5)",Acc,64.14,,T2,42,existing_table_transcription_only,
2,IEMOCAP,MMGCN,"(0.7,0.3,0.5)",w-F1,64.27,,T2,42,existing_table_transcription_only,
2,IEMOCAP,MMGCN,"(0.7,0.5,0.3)",Acc,60.63,,T2,42,existing_table_transcription_only,
2,IEMOCAP,MMGCN,"(0.7,0.5,0.3)",w-F1,60.85,,T2,42,existing_table_transcription_only,
2,IEMOCAP,MMGCN+BALM,"(0.3,0.5,0.7)",Acc,64.39,0.88,T2,43,existing_table_transcription_only,
2,IEMOCAP,MMGCN+BALM,"(0.3,0.5,0.7)",w-F1,63.82,0.89,T2,43,existing_table_transcription_only,
2,IEMOCAP,MMGCN+BALM,"(0.3,0.7,0.5)",Acc,60.07,0.7,T2,43,existing_table_transcription_only,
2,IEMOCAP,MMGCN+BALM,"(0.3,0.7,0.5)",w-F1,60.04,0.65,T2,43,existing_table_transcription_only,
2,IEMOCAP,MMGCN+BALM,"(0.5,0.3,0.7)",Acc,65.37,0.61,T2,43,existing_table_transcription_only,
2,IEMOCAP,MMGCN+BALM,"(0.5,0.3,0.7)",w-F1,65.03,0.63,T2,43,existing_table_transcription_only,
2,IEMOCAP,MMGCN+BALM,"(0.5,0.7,0.3)",Acc,62.29,0.75,T2,43,existing_table_transcription_only,
2,IEMOCAP,MMGCN+BALM,"(0.5,0.7,0.3)",w-F1,62.35,0.7,T2,43,existing_table_transcription_only,
2,IEMOCAP,MMGCN+BALM,"(0.7,0.3,0.5)",Acc,65.0,1.54,T2,43,existing_table_transcription_only,
2,IEMOCAP,MMGCN+BALM,"(0.7,0.3,0.5)",w-F1,64.98,1.77,T2,43,existing_table_transcription_only,
2,IEMOCAP,MMGCN+BALM,"(0.7,0.5,0.3)",Acc,61.74,0.96,T2,43,existing_table_transcription_only,
2,IEMOCAP,MMGCN+BALM,"(0.7,0.5,0.3)",w-F1,61.2,0.82,T2,43,existing_table_transcription_only,
2,IEMOCAP,MMGCN+AMBER,"(0.3,0.5,0.7)",Acc,64.65,1.33,T2,45,run_summary_and_log_excerpt_verified,G07
2,IEMOCAP,MMGCN+AMBER,"(0.3,0.5,0.7)",w-F1,64.5,1.24,T2,45,run_summary_and_log_excerpt_verified,G07
2,IEMOCAP,MMGCN+AMBER,"(0.3,0.7,0.5)",Acc,63.08,0.6,T2,45,run_summary_and_log_excerpt_verified,G08
2,IEMOCAP,MMGCN+AMBER,"(0.3,0.7,0.5)",w-F1,62.73,0.49,T2,45,run_summary_and_log_excerpt_verified,G08
2,IEMOCAP,MMGCN+AMBER,"(0.5,0.3,0.7)",Acc,65.41,0.52,T2,45,run_summary_and_log_excerpt_verified,G09
2,IEMOCAP,MMGCN+AMBER,"(0.5,0.3,0.7)",w-F1,65.25,0.5,T2,45,run_summary_and_log_excerpt_verified,G09
2,IEMOCAP,MMGCN+AMBER,"(0.5,0.7,0.3)",Acc,62.98,0.78,T2,45,run_summary_and_log_excerpt_verified,G10
2,IEMOCAP,MMGCN+AMBER,"(0.5,0.7,0.3)",w-F1,62.68,0.88,T2,45,run_summary_and_log_excerpt_verified,G10
2,IEMOCAP,MMGCN+AMBER,"(0.7,0.3,0.5)",Acc,64.05,1.61,T2,45,run_summary_and_log_excerpt_verified,G11
2,IEMOCAP,MMGCN+AMBER,"(0.7,0.3,0.5)",w-F1,63.89,1.51,T2,45,run_summary_and_log_excerpt_verified,G11
2,IEMOCAP,MMGCN+AMBER,"(0.7,0.5,0.3)",Acc,63.13,0.81,T2,45,run_summary_and_log_excerpt_verified,G12
2,IEMOCAP,MMGCN+AMBER,"(0.7,0.5,0.3)",w-F1,62.8,0.74,T2,45,run_summary_and_log_excerpt_verified,G12
2,IEMOCAP,Delta (vs. original MMGCN),"(0.3,0.5,0.7)",Acc,1.06,,T2,46,existing_table_transcription_only,
2,IEMOCAP,Delta (vs. original MMGCN),"(0.3,0.5,0.7)",w-F1,0.88,,T2,46,existing_table_transcription_only,
2,IEMOCAP,Delta (vs. original MMGCN),"(0.3,0.7,0.5)",Acc,3.99,,T2,46,existing_table_transcription_only,
2,IEMOCAP,Delta (vs. original MMGCN),"(0.3,0.7,0.5)",w-F1,3.74,,T2,46,existing_table_transcription_only,
2,IEMOCAP,Delta (vs. original MMGCN),"(0.5,0.3,0.7)",Acc,0.78,,T2,46,existing_table_transcription_only,
2,IEMOCAP,Delta (vs. original MMGCN),"(0.5,0.3,0.7)",w-F1,0.3,,T2,46,existing_table_transcription_only,
2,IEMOCAP,Delta (vs. original MMGCN),"(0.5,0.7,0.3)",Acc,5.19,,T2,46,existing_table_transcription_only,
2,IEMOCAP,Delta (vs. original MMGCN),"(0.5,0.7,0.3)",w-F1,4.69,,T2,46,existing_table_transcription_only,
2,IEMOCAP,Delta (vs. original MMGCN),"(0.7,0.3,0.5)",Acc,-0.09,,T2,46,existing_table_transcription_only,
2,IEMOCAP,Delta (vs. original MMGCN),"(0.7,0.3,0.5)",w-F1,-0.38,,T2,46,existing_table_transcription_only,
2,IEMOCAP,Delta (vs. original MMGCN),"(0.7,0.5,0.3)",Acc,2.5,,T2,46,existing_table_transcription_only,
2,IEMOCAP,Delta (vs. original MMGCN),"(0.7,0.5,0.3)",w-F1,1.95,,T2,46,existing_table_transcription_only,
2,IEMOCAP,Delta1 (vs. Group 1 mean) [MMGCN],"(0.3,0.5,0.7)",Acc,9.34,,T2,47,existing_table_transcription_only,
2,IEMOCAP,Delta1 (vs. Group 1 mean) [MMGCN],"(0.3,0.5,0.7)",w-F1,10.36,,T2,47,existing_table_transcription_only,
2,IEMOCAP,Delta1 (vs. Group 1 mean) [MMGCN],"(0.3,0.7,0.5)",Acc,10.33,,T2,47,existing_table_transcription_only,
2,IEMOCAP,Delta1 (vs. Group 1 mean) [MMGCN],"(0.3,0.7,0.5)",w-F1,11.12,,T2,47,existing_table_transcription_only,
2,IEMOCAP,Delta1 (vs. Group 1 mean) [MMGCN],"(0.5,0.3,0.7)",Acc,7.99,,T2,47,existing_table_transcription_only,
2,IEMOCAP,Delta1 (vs. Group 1 mean) [MMGCN],"(0.5,0.3,0.7)",w-F1,9.18,,T2,47,existing_table_transcription_only,
2,IEMOCAP,Delta1 (vs. Group 1 mean) [MMGCN],"(0.5,0.7,0.3)",Acc,10.4,,T2,47,existing_table_transcription_only,
2,IEMOCAP,Delta1 (vs. Group 1 mean) [MMGCN],"(0.5,0.7,0.3)",w-F1,11.02,,T2,47,existing_table_transcription_only,
2,IEMOCAP,Delta1 (vs. Group 1 mean) [MMGCN],"(0.7,0.3,0.5)",Acc,7.75,,T2,47,existing_table_transcription_only,
2,IEMOCAP,Delta1 (vs. Group 1 mean) [MMGCN],"(0.7,0.3,0.5)",w-F1,8.53,,T2,47,existing_table_transcription_only,
2,IEMOCAP,Delta1 (vs. Group 1 mean) [MMGCN],"(0.7,0.5,0.3)",Acc,9.08,,T2,47,existing_table_transcription_only,
2,IEMOCAP,Delta1 (vs. Group 1 mean) [MMGCN],"(0.7,0.5,0.3)",w-F1,9.98,,T2,47,existing_table_transcription_only,
2,IEMOCAP,MM-DFN,"(0.3,0.5,0.7)",Acc,63.34,,T2,49,existing_table_transcription_only,
2,IEMOCAP,MM-DFN,"(0.3,0.5,0.7)",w-F1,63.0,,T2,49,existing_table_transcription_only,
2,IEMOCAP,MM-DFN,"(0.3,0.7,0.5)",Acc,60.38,,T2,49,existing_table_transcription_only,
2,IEMOCAP,MM-DFN,"(0.3,0.7,0.5)",w-F1,60.01,,T2,49,existing_table_transcription_only,
2,IEMOCAP,MM-DFN,"(0.5,0.3,0.7)",Acc,67.34,,T2,49,existing_table_transcription_only,
2,IEMOCAP,MM-DFN,"(0.5,0.3,0.7)",w-F1,67.4,,T2,49,existing_table_transcription_only,
2,IEMOCAP,MM-DFN,"(0.5,0.7,0.3)",Acc,57.92,,T2,49,existing_table_transcription_only,
2,IEMOCAP,MM-DFN,"(0.5,0.7,0.3)",w-F1,56.25,,T2,49,existing_table_transcription_only,
2,IEMOCAP,MM-DFN,"(0.7,0.3,0.5)",Acc,66.48,,T2,49,existing_table_transcription_only,
2,IEMOCAP,MM-DFN,"(0.7,0.3,0.5)",w-F1,66.67,,T2,49,existing_table_transcription_only,
2,IEMOCAP,MM-DFN,"(0.7,0.5,0.3)",Acc,63.65,,T2,49,existing_table_transcription_only,
2,IEMOCAP,MM-DFN,"(0.7,0.5,0.3)",w-F1,64.0,,T2,49,existing_table_transcription_only,
2,IEMOCAP,MM-DFN+BALM,"(0.3,0.5,0.7)",Acc,67.34,0.84,T2,50,existing_table_transcription_only,
2,IEMOCAP,MM-DFN+BALM,"(0.3,0.5,0.7)",w-F1,66.64,0.94,T2,50,existing_table_transcription_only,
2,IEMOCAP,MM-DFN+BALM,"(0.3,0.7,0.5)",Acc,63.4,0.45,T2,50,existing_table_transcription_only,
2,IEMOCAP,MM-DFN+BALM,"(0.3,0.7,0.5)",w-F1,63.11,0.47,T2,50,existing_table_transcription_only,
2,IEMOCAP,MM-DFN+BALM,"(0.5,0.3,0.7)",Acc,68.76,0.22,T2,50,existing_table_transcription_only,
2,IEMOCAP,MM-DFN+BALM,"(0.5,0.3,0.7)",w-F1,68.25,0.18,T2,50,existing_table_transcription_only,
2,IEMOCAP,MM-DFN+BALM,"(0.5,0.7,0.3)",Acc,64.02,1.11,T2,50,existing_table_transcription_only,
2,IEMOCAP,MM-DFN+BALM,"(0.5,0.7,0.3)",w-F1,63.76,1.05,T2,50,existing_table_transcription_only,
2,IEMOCAP,MM-DFN+BALM,"(0.7,0.3,0.5)",Acc,67.22,1.03,T2,50,existing_table_transcription_only,
2,IEMOCAP,MM-DFN+BALM,"(0.7,0.3,0.5)",w-F1,67.02,1.06,T2,50,existing_table_transcription_only,
2,IEMOCAP,MM-DFN+BALM,"(0.7,0.5,0.3)",Acc,65.5,0.47,T2,50,existing_table_transcription_only,
2,IEMOCAP,MM-DFN+BALM,"(0.7,0.5,0.3)",w-F1,64.98,0.64,T2,50,existing_table_transcription_only,
2,IEMOCAP,MM-DFN+AMBER,"(0.3,0.5,0.7)",Acc,67.43,0.71,T2,52,run_summary_and_log_excerpt_verified,G13
2,IEMOCAP,MM-DFN+AMBER,"(0.3,0.5,0.7)",w-F1,67.02,0.56,T2,52,run_summary_and_log_excerpt_verified,G13
2,IEMOCAP,MM-DFN+AMBER,"(0.3,0.7,0.5)",Acc,65.0,0.91,T2,52,run_summary_and_log_excerpt_verified,G14
2,IEMOCAP,MM-DFN+AMBER,"(0.3,0.7,0.5)",w-F1,64.41,1.01,T2,52,run_summary_and_log_excerpt_verified,G14
2,IEMOCAP,MM-DFN+AMBER,"(0.5,0.3,0.7)",Acc,68.43,0.71,T2,52,run_summary_and_log_excerpt_verified,G15
2,IEMOCAP,MM-DFN+AMBER,"(0.5,0.3,0.7)",w-F1,68.12,0.81,T2,52,run_summary_and_log_excerpt_verified,G15
2,IEMOCAP,MM-DFN+AMBER,"(0.5,0.7,0.3)",Acc,64.66,0.75,T2,52,run_summary_and_log_excerpt_verified,G16
2,IEMOCAP,MM-DFN+AMBER,"(0.5,0.7,0.3)",w-F1,64.06,0.61,T2,52,run_summary_and_log_excerpt_verified,G16
2,IEMOCAP,MM-DFN+AMBER,"(0.7,0.3,0.5)",Acc,67.65,0.68,T2,52,run_summary_and_log_excerpt_verified,G17
2,IEMOCAP,MM-DFN+AMBER,"(0.7,0.3,0.5)",w-F1,67.41,0.67,T2,52,run_summary_and_log_excerpt_verified,G17
2,IEMOCAP,MM-DFN+AMBER,"(0.7,0.5,0.3)",Acc,66.49,0.63,T2,52,run_summary_and_log_excerpt_verified,G18
2,IEMOCAP,MM-DFN+AMBER,"(0.7,0.5,0.3)",w-F1,65.94,0.25,T2,52,run_summary_and_log_excerpt_verified,G18
2,IEMOCAP,Delta (vs. original MM-DFN),"(0.3,0.5,0.7)",Acc,4.09,,T2,53,existing_table_transcription_only,
2,IEMOCAP,Delta (vs. original MM-DFN),"(0.3,0.5,0.7)",w-F1,4.02,,T2,53,existing_table_transcription_only,
2,IEMOCAP,Delta (vs. original MM-DFN),"(0.3,0.7,0.5)",Acc,4.62,,T2,53,existing_table_transcription_only,
2,IEMOCAP,Delta (vs. original MM-DFN),"(0.3,0.7,0.5)",w-F1,4.4,,T2,53,existing_table_transcription_only,
2,IEMOCAP,Delta (vs. original MM-DFN),"(0.5,0.3,0.7)",Acc,1.09,,T2,53,existing_table_transcription_only,
2,IEMOCAP,Delta (vs. original MM-DFN),"(0.5,0.3,0.7)",w-F1,0.72,,T2,53,existing_table_transcription_only,
2,IEMOCAP,Delta (vs. original MM-DFN),"(0.5,0.7,0.3)",Acc,6.74,,T2,53,existing_table_transcription_only,
2,IEMOCAP,Delta (vs. original MM-DFN),"(0.5,0.7,0.3)",w-F1,7.81,,T2,53,existing_table_transcription_only,
2,IEMOCAP,Delta (vs. original MM-DFN),"(0.7,0.3,0.5)",Acc,1.17,,T2,53,existing_table_transcription_only,
2,IEMOCAP,Delta (vs. original MM-DFN),"(0.7,0.3,0.5)",w-F1,0.74,,T2,53,existing_table_transcription_only,
2,IEMOCAP,Delta (vs. original MM-DFN),"(0.7,0.5,0.3)",Acc,2.84,,T2,53,existing_table_transcription_only,
2,IEMOCAP,Delta (vs. original MM-DFN),"(0.7,0.5,0.3)",w-F1,1.94,,T2,53,existing_table_transcription_only,
2,IEMOCAP,Delta1 (vs. Group 1 mean) [MM-DFN],"(0.3,0.5,0.7)",Acc,12.12,,T2,54,existing_table_transcription_only,
2,IEMOCAP,Delta1 (vs. Group 1 mean) [MM-DFN],"(0.3,0.5,0.7)",w-F1,12.88,,T2,54,existing_table_transcription_only,
2,IEMOCAP,Delta1 (vs. Group 1 mean) [MM-DFN],"(0.3,0.7,0.5)",Acc,12.25,,T2,54,existing_table_transcription_only,
2,IEMOCAP,Delta1 (vs. Group 1 mean) [MM-DFN],"(0.3,0.7,0.5)",w-F1,12.8,,T2,54,existing_table_transcription_only,
2,IEMOCAP,Delta1 (vs. Group 1 mean) [MM-DFN],"(0.5,0.3,0.7)",Acc,11.01,,T2,54,existing_table_transcription_only,
2,IEMOCAP,Delta1 (vs. Group 1 mean) [MM-DFN],"(0.5,0.3,0.7)",w-F1,12.05,,T2,54,existing_table_transcription_only,
2,IEMOCAP,Delta1 (vs. Group 1 mean) [MM-DFN],"(0.5,0.7,0.3)",Acc,12.08,,T2,54,existing_table_transcription_only,
2,IEMOCAP,Delta1 (vs. Group 1 mean) [MM-DFN],"(0.5,0.7,0.3)",w-F1,12.4,,T2,54,existing_table_transcription_only,
2,IEMOCAP,Delta1 (vs. Group 1 mean) [MM-DFN],"(0.7,0.3,0.5)",Acc,11.35,,T2,54,existing_table_transcription_only,
2,IEMOCAP,Delta1 (vs. Group 1 mean) [MM-DFN],"(0.7,0.3,0.5)",w-F1,12.05,,T2,54,existing_table_transcription_only,
2,IEMOCAP,Delta1 (vs. Group 1 mean) [MM-DFN],"(0.7,0.5,0.3)",Acc,12.44,,T2,54,existing_table_transcription_only,
2,IEMOCAP,Delta1 (vs. Group 1 mean) [MM-DFN],"(0.7,0.5,0.3)",w-F1,13.12,,T2,54,existing_table_transcription_only,
3,CMU-MOSEI,MMIN,"(0.3,0.5,0.7)",Acc,75.87,,T3,26,existing_table_transcription_only,
3,CMU-MOSEI,MMIN,"(0.3,0.5,0.7)",w-F1,75.52,,T3,26,existing_table_transcription_only,
3,CMU-MOSEI,MMIN,"(0.3,0.7,0.5)",Acc,71.93,,T3,26,existing_table_transcription_only,
3,CMU-MOSEI,MMIN,"(0.3,0.7,0.5)",w-F1,71.6,,T3,26,existing_table_transcription_only,
3,CMU-MOSEI,MMIN,"(0.5,0.3,0.7)",Acc,79.72,,T3,26,existing_table_transcription_only,
3,CMU-MOSEI,MMIN,"(0.5,0.3,0.7)",w-F1,79.69,,T3,26,existing_table_transcription_only,
3,CMU-MOSEI,MMIN,"(0.5,0.7,0.3)",Acc,71.46,,T3,26,existing_table_transcription_only,
3,CMU-MOSEI,MMIN,"(0.5,0.7,0.3)",w-F1,71.3,,T3,26,existing_table_transcription_only,
3,CMU-MOSEI,MMIN,"(0.7,0.3,0.5)",Acc,78.92,,T3,26,existing_table_transcription_only,
3,CMU-MOSEI,MMIN,"(0.7,0.3,0.5)",w-F1,78.45,,T3,26,existing_table_transcription_only,
3,CMU-MOSEI,MMIN,"(0.7,0.5,0.3)",Acc,75.65,,T3,26,existing_table_transcription_only,
3,CMU-MOSEI,MMIN,"(0.7,0.5,0.3)",w-F1,75.81,,T3,26,existing_table_transcription_only,
3,CMU-MOSEI,GCNet,"(0.3,0.5,0.7)",Acc,81.43,,T3,27,existing_table_transcription_only,
3,CMU-MOSEI,GCNet,"(0.3,0.5,0.7)",w-F1,81.07,,T3,27,existing_table_transcription_only,
3,CMU-MOSEI,GCNet,"(0.3,0.7,0.5)",Acc,78.23,,T3,27,existing_table_transcription_only,
3,CMU-MOSEI,GCNet,"(0.3,0.7,0.5)",w-F1,78.14,,T3,27,existing_table_transcription_only,
3,CMU-MOSEI,GCNet,"(0.5,0.3,0.7)",Acc,82.64,,T3,27,existing_table_transcription_only,
3,CMU-MOSEI,GCNet,"(0.5,0.3,0.7)",w-F1,82.78,,T3,27,existing_table_transcription_only,
3,CMU-MOSEI,GCNet,"(0.5,0.7,0.3)",Acc,78.34,,T3,27,existing_table_transcription_only,
3,CMU-MOSEI,GCNet,"(0.5,0.7,0.3)",w-F1,78.51,,T3,27,existing_table_transcription_only,
3,CMU-MOSEI,GCNet,"(0.7,0.3,0.5)",Acc,83.76,,T3,27,existing_table_transcription_only,
3,CMU-MOSEI,GCNet,"(0.7,0.3,0.5)",w-F1,83.57,,T3,27,existing_table_transcription_only,
3,CMU-MOSEI,GCNet,"(0.7,0.5,0.3)",Acc,81.45,,T3,27,existing_table_transcription_only,
3,CMU-MOSEI,GCNet,"(0.7,0.5,0.3)",w-F1,81.24,,T3,27,existing_table_transcription_only,
3,CMU-MOSEI,MoMKE,"(0.3,0.5,0.7)",Acc,78.43,,T3,28,existing_table_transcription_only,
3,CMU-MOSEI,MoMKE,"(0.3,0.5,0.7)",w-F1,78.39,,T3,28,existing_table_transcription_only,
3,CMU-MOSEI,MoMKE,"(0.3,0.7,0.5)",Acc,74.16,,T3,28,existing_table_transcription_only,
3,CMU-MOSEI,MoMKE,"(0.3,0.7,0.5)",w-F1,74.19,,T3,28,existing_table_transcription_only,
3,CMU-MOSEI,MoMKE,"(0.5,0.3,0.7)",Acc,82.17,,T3,28,existing_table_transcription_only,
3,CMU-MOSEI,MoMKE,"(0.5,0.3,0.7)",w-F1,81.86,,T3,28,existing_table_transcription_only,
3,CMU-MOSEI,MoMKE,"(0.5,0.7,0.3)",Acc,74.38,,T3,28,existing_table_transcription_only,
3,CMU-MOSEI,MoMKE,"(0.5,0.7,0.3)",w-F1,73.93,,T3,28,existing_table_transcription_only,
3,CMU-MOSEI,MoMKE,"(0.7,0.3,0.5)",Acc,82.11,,T3,28,existing_table_transcription_only,
3,CMU-MOSEI,MoMKE,"(0.7,0.3,0.5)",w-F1,81.79,,T3,28,existing_table_transcription_only,
3,CMU-MOSEI,MoMKE,"(0.7,0.5,0.3)",Acc,77.27,,T3,28,existing_table_transcription_only,
3,CMU-MOSEI,MoMKE,"(0.7,0.5,0.3)",w-F1,76.77,,T3,28,existing_table_transcription_only,
3,CMU-MOSEI,Ada2I,"(0.3,0.5,0.7)",Acc,82.42,,T3,29,existing_table_transcription_only,
3,CMU-MOSEI,Ada2I,"(0.3,0.5,0.7)",w-F1,82.28,,T3,29,existing_table_transcription_only,
3,CMU-MOSEI,Ada2I,"(0.3,0.7,0.5)",Acc,78.07,,T3,29,existing_table_transcription_only,
3,CMU-MOSEI,Ada2I,"(0.3,0.7,0.5)",w-F1,77.53,,T3,29,existing_table_transcription_only,
3,CMU-MOSEI,Ada2I,"(0.5,0.3,0.7)",Acc,83.82,,T3,29,existing_table_transcription_only,
3,CMU-MOSEI,Ada2I,"(0.5,0.3,0.7)",w-F1,83.57,,T3,29,existing_table_transcription_only,
3,CMU-MOSEI,Ada2I,"(0.5,0.7,0.3)",Acc,77.68,,T3,29,existing_table_transcription_only,
3,CMU-MOSEI,Ada2I,"(0.5,0.7,0.3)",w-F1,76.97,,T3,29,existing_table_transcription_only,
3,CMU-MOSEI,Ada2I,"(0.7,0.3,0.5)",Acc,83.38,,T3,29,existing_table_transcription_only,
3,CMU-MOSEI,Ada2I,"(0.7,0.3,0.5)",w-F1,83.49,,T3,29,existing_table_transcription_only,
3,CMU-MOSEI,Ada2I,"(0.7,0.5,0.3)",Acc,81.87,,T3,29,existing_table_transcription_only,
3,CMU-MOSEI,Ada2I,"(0.7,0.5,0.3)",w-F1,81.61,,T3,29,existing_table_transcription_only,
3,CMU-MOSEI,RedCore,"(0.3,0.5,0.7)",Acc,74.88,,T3,30,existing_table_transcription_only,
3,CMU-MOSEI,RedCore,"(0.3,0.5,0.7)",w-F1,72.89,,T3,30,existing_table_transcription_only,
3,CMU-MOSEI,RedCore,"(0.3,0.7,0.5)",Acc,70.51,,T3,30,existing_table_transcription_only,
3,CMU-MOSEI,RedCore,"(0.3,0.7,0.5)",w-F1,64.25,,T3,30,existing_table_transcription_only,
3,CMU-MOSEI,RedCore,"(0.5,0.3,0.7)",Acc,75.05,,T3,30,existing_table_transcription_only,
3,CMU-MOSEI,RedCore,"(0.5,0.3,0.7)",w-F1,72.82,,T3,30,existing_table_transcription_only,
3,CMU-MOSEI,RedCore,"(0.5,0.7,0.3)",Acc,75.01,,T3,30,existing_table_transcription_only,
3,CMU-MOSEI,RedCore,"(0.5,0.7,0.3)",w-F1,72.79,,T3,30,existing_table_transcription_only,
3,CMU-MOSEI,RedCore,"(0.7,0.3,0.5)",Acc,74.37,,T3,30,existing_table_transcription_only,
3,CMU-MOSEI,RedCore,"(0.7,0.3,0.5)",w-F1,72.71,,T3,30,existing_table_transcription_only,
3,CMU-MOSEI,RedCore,"(0.7,0.5,0.3)",Acc,74.94,,T3,30,existing_table_transcription_only,
3,CMU-MOSEI,RedCore,"(0.7,0.5,0.3)",w-F1,73.59,,T3,30,existing_table_transcription_only,
3,CMU-MOSEI,Mi-CGA,"(0.3,0.5,0.7)",Acc,81.04,,T3,31,existing_table_transcription_only,
3,CMU-MOSEI,Mi-CGA,"(0.3,0.5,0.7)",w-F1,80.97,,T3,31,existing_table_transcription_only,
3,CMU-MOSEI,Mi-CGA,"(0.3,0.7,0.5)",Acc,77.38,,T3,31,existing_table_transcription_only,
3,CMU-MOSEI,Mi-CGA,"(0.3,0.7,0.5)",w-F1,77.11,,T3,31,existing_table_transcription_only,
3,CMU-MOSEI,Mi-CGA,"(0.5,0.3,0.7)",Acc,82.55,,T3,31,existing_table_transcription_only,
3,CMU-MOSEI,Mi-CGA,"(0.5,0.3,0.7)",w-F1,82.37,,T3,31,existing_table_transcription_only,
3,CMU-MOSEI,Mi-CGA,"(0.5,0.7,0.3)",Acc,76.42,,T3,31,existing_table_transcription_only,
3,CMU-MOSEI,Mi-CGA,"(0.5,0.7,0.3)",w-F1,76.45,,T3,31,existing_table_transcription_only,
3,CMU-MOSEI,Mi-CGA,"(0.7,0.3,0.5)",Acc,82.86,,T3,31,existing_table_transcription_only,
3,CMU-MOSEI,Mi-CGA,"(0.7,0.3,0.5)",w-F1,82.64,,T3,31,existing_table_transcription_only,
3,CMU-MOSEI,Mi-CGA,"(0.7,0.5,0.3)",Acc,80.65,,T3,31,existing_table_transcription_only,
3,CMU-MOSEI,Mi-CGA,"(0.7,0.5,0.3)",w-F1,80.33,,T3,31,existing_table_transcription_only,
3,CMU-MOSEI,SDR-GNN,"(0.3,0.5,0.7)",Acc,80.13,,T3,32,existing_table_transcription_only,
3,CMU-MOSEI,SDR-GNN,"(0.3,0.5,0.7)",w-F1,80.14,,T3,32,existing_table_transcription_only,
3,CMU-MOSEI,SDR-GNN,"(0.3,0.7,0.5)",Acc,77.38,,T3,32,existing_table_transcription_only,
3,CMU-MOSEI,SDR-GNN,"(0.3,0.7,0.5)",w-F1,77.38,,T3,32,existing_table_transcription_only,
3,CMU-MOSEI,SDR-GNN,"(0.5,0.3,0.7)",Acc,83.35,,T3,32,existing_table_transcription_only,
3,CMU-MOSEI,SDR-GNN,"(0.5,0.3,0.7)",w-F1,83.03,,T3,32,existing_table_transcription_only,
3,CMU-MOSEI,SDR-GNN,"(0.5,0.7,0.3)",Acc,76.69,,T3,32,existing_table_transcription_only,
3,CMU-MOSEI,SDR-GNN,"(0.5,0.7,0.3)",w-F1,76.75,,T3,32,existing_table_transcription_only,
3,CMU-MOSEI,SDR-GNN,"(0.7,0.3,0.5)",Acc,83.54,,T3,32,existing_table_transcription_only,
3,CMU-MOSEI,SDR-GNN,"(0.7,0.3,0.5)",w-F1,83.44,,T3,32,existing_table_transcription_only,
3,CMU-MOSEI,SDR-GNN,"(0.7,0.5,0.3)",Acc,81.67,,T3,32,existing_table_transcription_only,
3,CMU-MOSEI,SDR-GNN,"(0.7,0.5,0.3)",w-F1,81.21,,T3,32,existing_table_transcription_only,
3,CMU-MOSEI,GCNet+BALM,"(0.3,0.5,0.7)",Acc,81.54,0.58,T3,33,existing_table_transcription_only,
3,CMU-MOSEI,GCNet+BALM,"(0.3,0.5,0.7)",w-F1,81.4,0.59,T3,33,existing_table_transcription_only,
3,CMU-MOSEI,GCNet+BALM,"(0.3,0.7,0.5)",Acc,78.51,0.61,T3,33,existing_table_transcription_only,
3,CMU-MOSEI,GCNet+BALM,"(0.3,0.7,0.5)",w-F1,78.33,0.49,T3,33,existing_table_transcription_only,
3,CMU-MOSEI,GCNet+BALM,"(0.5,0.3,0.7)",Acc,83.27,0.26,T3,33,existing_table_transcription_only,
3,CMU-MOSEI,GCNet+BALM,"(0.5,0.3,0.7)",w-F1,83.24,0.33,T3,33,existing_table_transcription_only,
3,CMU-MOSEI,GCNet+BALM,"(0.5,0.7,0.3)",Acc,79.5,0.99,T3,33,existing_table_transcription_only,
3,CMU-MOSEI,GCNet+BALM,"(0.5,0.7,0.3)",w-F1,79.22,0.84,T3,33,existing_table_transcription_only,
3,CMU-MOSEI,GCNet+BALM,"(0.7,0.3,0.5)",Acc,83.63,0.35,T3,33,existing_table_transcription_only,
3,CMU-MOSEI,GCNet+BALM,"(0.7,0.3,0.5)",w-F1,83.57,0.48,T3,33,existing_table_transcription_only,
3,CMU-MOSEI,GCNet+BALM,"(0.7,0.5,0.3)",Acc,82.09,0.75,T3,33,existing_table_transcription_only,
3,CMU-MOSEI,GCNet+BALM,"(0.7,0.5,0.3)",w-F1,81.84,0.72,T3,33,existing_table_transcription_only,
3,CMU-MOSEI,GCNet+AMBER,"(0.3,0.5,0.7)",Acc,81.77,0.29,T3,35,run_summary_and_log_excerpt_verified,G19
3,CMU-MOSEI,GCNet+AMBER,"(0.3,0.5,0.7)",w-F1,81.6,0.25,T3,35,run_summary_and_log_excerpt_verified,G19
3,CMU-MOSEI,GCNet+AMBER,"(0.3,0.7,0.5)",Acc,79.59,0.64,T3,35,run_summary_and_log_excerpt_verified,G20
3,CMU-MOSEI,GCNet+AMBER,"(0.3,0.7,0.5)",w-F1,79.39,0.69,T3,35,run_summary_and_log_excerpt_verified,G20
3,CMU-MOSEI,GCNet+AMBER,"(0.5,0.3,0.7)",Acc,84.18,0.57,T3,35,run_summary_and_log_excerpt_verified,G21
3,CMU-MOSEI,GCNet+AMBER,"(0.5,0.3,0.7)",w-F1,83.96,0.54,T3,35,run_summary_and_log_excerpt_verified,G21
3,CMU-MOSEI,GCNet+AMBER,"(0.5,0.7,0.3)",Acc,78.92,0.34,T3,35,run_summary_and_log_excerpt_verified,G22
3,CMU-MOSEI,GCNet+AMBER,"(0.5,0.7,0.3)",w-F1,78.61,0.43,T3,35,run_summary_and_log_excerpt_verified,G22
3,CMU-MOSEI,GCNet+AMBER,"(0.7,0.3,0.5)",Acc,84.07,0.29,T3,35,run_summary_and_log_excerpt_verified,G23
3,CMU-MOSEI,GCNet+AMBER,"(0.7,0.3,0.5)",w-F1,83.92,0.35,T3,35,run_summary_and_log_excerpt_verified,G23
3,CMU-MOSEI,GCNet+AMBER,"(0.7,0.5,0.3)",Acc,82.31,0.24,T3,35,run_summary_and_log_excerpt_verified,G24
3,CMU-MOSEI,GCNet+AMBER,"(0.7,0.5,0.3)",w-F1,82.16,0.28,T3,35,run_summary_and_log_excerpt_verified,G24
3,CMU-MOSEI,Delta (vs. original GCNet),"(0.3,0.5,0.7)",Acc,0.34,,T3,36,existing_table_transcription_only,
3,CMU-MOSEI,Delta (vs. original GCNet),"(0.3,0.5,0.7)",w-F1,0.53,,T3,36,existing_table_transcription_only,
3,CMU-MOSEI,Delta (vs. original GCNet),"(0.3,0.7,0.5)",Acc,1.36,,T3,36,existing_table_transcription_only,
3,CMU-MOSEI,Delta (vs. original GCNet),"(0.3,0.7,0.5)",w-F1,1.25,,T3,36,existing_table_transcription_only,
3,CMU-MOSEI,Delta (vs. original GCNet),"(0.5,0.3,0.7)",Acc,1.54,,T3,36,existing_table_transcription_only,
3,CMU-MOSEI,Delta (vs. original GCNet),"(0.5,0.3,0.7)",w-F1,1.18,,T3,36,existing_table_transcription_only,
3,CMU-MOSEI,Delta (vs. original GCNet),"(0.5,0.7,0.3)",Acc,0.58,,T3,36,existing_table_transcription_only,
3,CMU-MOSEI,Delta (vs. original GCNet),"(0.5,0.7,0.3)",w-F1,0.1,,T3,36,existing_table_transcription_only,
3,CMU-MOSEI,Delta (vs. original GCNet),"(0.7,0.3,0.5)",Acc,0.31,,T3,36,existing_table_transcription_only,
3,CMU-MOSEI,Delta (vs. original GCNet),"(0.7,0.3,0.5)",w-F1,0.35,,T3,36,existing_table_transcription_only,
3,CMU-MOSEI,Delta (vs. original GCNet),"(0.7,0.5,0.3)",Acc,0.86,,T3,36,existing_table_transcription_only,
3,CMU-MOSEI,Delta (vs. original GCNet),"(0.7,0.5,0.3)",w-F1,0.92,,T3,36,existing_table_transcription_only,
3,CMU-MOSEI,Delta1 (vs. Group 1 mean) [GCNet],"(0.3,0.5,0.7)",Acc,2.6,,T3,37,existing_table_transcription_only,
3,CMU-MOSEI,Delta1 (vs. Group 1 mean) [GCNet],"(0.3,0.5,0.7)",w-F1,2.85,,T3,37,existing_table_transcription_only,
3,CMU-MOSEI,Delta1 (vs. Group 1 mean) [GCNet],"(0.3,0.7,0.5)",Acc,4.21,,T3,37,existing_table_transcription_only,
3,CMU-MOSEI,Delta1 (vs. Group 1 mean) [GCNet],"(0.3,0.7,0.5)",w-F1,5.08,,T3,37,existing_table_transcription_only,
3,CMU-MOSEI,Delta1 (vs. Group 1 mean) [GCNet],"(0.5,0.3,0.7)",Acc,2.85,,T3,37,existing_table_transcription_only,
3,CMU-MOSEI,Delta1 (vs. Group 1 mean) [GCNet],"(0.5,0.3,0.7)",w-F1,3.09,,T3,37,existing_table_transcription_only,
3,CMU-MOSEI,Delta1 (vs. Group 1 mean) [GCNet],"(0.5,0.7,0.3)",Acc,3.2,,T3,37,existing_table_transcription_only,
3,CMU-MOSEI,Delta1 (vs. Group 1 mean) [GCNet],"(0.5,0.7,0.3)",w-F1,3.36,,T3,37,existing_table_transcription_only,
3,CMU-MOSEI,Delta1 (vs. Group 1 mean) [GCNet],"(0.7,0.3,0.5)",Acc,2.8,,T3,37,existing_table_transcription_only,
3,CMU-MOSEI,Delta1 (vs. Group 1 mean) [GCNet],"(0.7,0.3,0.5)",w-F1,3.05,,T3,37,existing_table_transcription_only,
3,CMU-MOSEI,Delta1 (vs. Group 1 mean) [GCNet],"(0.7,0.5,0.3)",Acc,3.23,,T3,37,existing_table_transcription_only,
3,CMU-MOSEI,Delta1 (vs. Group 1 mean) [GCNet],"(0.7,0.5,0.3)",w-F1,3.51,,T3,37,existing_table_transcription_only,
3,CMU-MOSEI,MMGCN,"(0.3,0.5,0.7)",Acc,80.82,,T3,41,existing_table_transcription_only,
3,CMU-MOSEI,MMGCN,"(0.3,0.5,0.7)",w-F1,80.2,,T3,41,existing_table_transcription_only,
3,CMU-MOSEI,MMGCN,"(0.3,0.7,0.5)",Acc,78.32,,T3,41,existing_table_transcription_only,
3,CMU-MOSEI,MMGCN,"(0.3,0.7,0.5)",w-F1,77.35,,T3,41,existing_table_transcription_only,
3,CMU-MOSEI,MMGCN,"(0.5,0.3,0.7)",Acc,84.76,,T3,41,existing_table_transcription_only,
3,CMU-MOSEI,MMGCN,"(0.5,0.3,0.7)",w-F1,84.6,,T3,41,existing_table_transcription_only,
3,CMU-MOSEI,MMGCN,"(0.5,0.7,0.3)",Acc,78.12,,T3,41,existing_table_transcription_only,
3,CMU-MOSEI,MMGCN,"(0.5,0.7,0.3)",w-F1,78.17,,T3,41,existing_table_transcription_only,
3,CMU-MOSEI,MMGCN,"(0.7,0.3,0.5)",Acc,84.04,,T3,41,existing_table_transcription_only,
3,CMU-MOSEI,MMGCN,"(0.7,0.3,0.5)",w-F1,84.04,,T3,41,existing_table_transcription_only,
3,CMU-MOSEI,MMGCN,"(0.7,0.5,0.3)",Acc,81.54,,T3,41,existing_table_transcription_only,
3,CMU-MOSEI,MMGCN,"(0.7,0.5,0.3)",w-F1,81.62,,T3,41,existing_table_transcription_only,
3,CMU-MOSEI,MMGCN+BALM,"(0.3,0.5,0.7)",Acc,82.03,0.31,T3,42,existing_table_transcription_only,
3,CMU-MOSEI,MMGCN+BALM,"(0.3,0.5,0.7)",w-F1,81.74,0.28,T3,42,existing_table_transcription_only,
3,CMU-MOSEI,MMGCN+BALM,"(0.3,0.7,0.5)",Acc,78.73,0.27,T3,42,existing_table_transcription_only,
3,CMU-MOSEI,MMGCN+BALM,"(0.3,0.7,0.5)",w-F1,78.33,0.31,T3,42,existing_table_transcription_only,
3,CMU-MOSEI,MMGCN+BALM,"(0.5,0.3,0.7)",Acc,84.54,0.32,T3,42,existing_table_transcription_only,
3,CMU-MOSEI,MMGCN+BALM,"(0.5,0.3,0.7)",w-F1,84.34,0.29,T3,42,existing_table_transcription_only,
3,CMU-MOSEI,MMGCN+BALM,"(0.5,0.7,0.3)",Acc,79.83,0.49,T3,42,existing_table_transcription_only,
3,CMU-MOSEI,MMGCN+BALM,"(0.5,0.7,0.3)",w-F1,79.44,0.37,T3,42,existing_table_transcription_only,
3,CMU-MOSEI,MMGCN+BALM,"(0.7,0.3,0.5)",Acc,84.84,0.29,T3,42,existing_table_transcription_only,
3,CMU-MOSEI,MMGCN+BALM,"(0.7,0.3,0.5)",w-F1,84.7,0.32,T3,42,existing_table_transcription_only,
3,CMU-MOSEI,MMGCN+BALM,"(0.7,0.5,0.3)",Acc,82.5,0.49,T3,42,existing_table_transcription_only,
3,CMU-MOSEI,MMGCN+BALM,"(0.7,0.5,0.3)",w-F1,82.36,0.54,T3,42,existing_table_transcription_only,
3,CMU-MOSEI,MMGCN+AMBER,"(0.3,0.5,0.7)",Acc,82.72,0.15,T3,44,run_summary_and_log_excerpt_verified,G25
3,CMU-MOSEI,MMGCN+AMBER,"(0.3,0.5,0.7)",w-F1,82.59,0.13,T3,44,run_summary_and_log_excerpt_verified,G25
3,CMU-MOSEI,MMGCN+AMBER,"(0.3,0.7,0.5)",Acc,80.21,0.24,T3,44,run_summary_and_log_excerpt_verified,G26
3,CMU-MOSEI,MMGCN+AMBER,"(0.3,0.7,0.5)",w-F1,79.77,0.24,T3,44,run_summary_and_log_excerpt_verified,G26
3,CMU-MOSEI,MMGCN+AMBER,"(0.5,0.3,0.7)",Acc,85.01,0.21,T3,44,run_summary_and_log_excerpt_verified,G27
3,CMU-MOSEI,MMGCN+AMBER,"(0.5,0.3,0.7)",w-F1,84.87,0.19,T3,44,run_summary_and_log_excerpt_verified,G27
3,CMU-MOSEI,MMGCN+AMBER,"(0.5,0.7,0.3)",Acc,80.2,0.55,T3,44,run_summary_and_log_excerpt_verified,G28
3,CMU-MOSEI,MMGCN+AMBER,"(0.5,0.7,0.3)",w-F1,79.95,0.49,T3,44,run_summary_and_log_excerpt_verified,G28
3,CMU-MOSEI,MMGCN+AMBER,"(0.7,0.3,0.5)",Acc,84.87,0.15,T3,44,run_summary_and_log_excerpt_verified,G29
3,CMU-MOSEI,MMGCN+AMBER,"(0.7,0.3,0.5)",w-F1,84.74,0.15,T3,44,run_summary_and_log_excerpt_verified,G29
3,CMU-MOSEI,MMGCN+AMBER,"(0.7,0.5,0.3)",Acc,82.98,0.31,T3,44,run_summary_and_log_excerpt_verified,G30
3,CMU-MOSEI,MMGCN+AMBER,"(0.7,0.5,0.3)",w-F1,82.8,0.24,T3,44,run_summary_and_log_excerpt_verified,G30
3,CMU-MOSEI,Delta (vs. original MMGCN),"(0.3,0.5,0.7)",Acc,1.9,,T3,45,existing_table_transcription_only,
3,CMU-MOSEI,Delta (vs. original MMGCN),"(0.3,0.5,0.7)",w-F1,2.39,,T3,45,existing_table_transcription_only,
3,CMU-MOSEI,Delta (vs. original MMGCN),"(0.3,0.7,0.5)",Acc,1.89,,T3,45,existing_table_transcription_only,
3,CMU-MOSEI,Delta (vs. original MMGCN),"(0.3,0.7,0.5)",w-F1,2.42,,T3,45,existing_table_transcription_only,
3,CMU-MOSEI,Delta (vs. original MMGCN),"(0.5,0.3,0.7)",Acc,0.25,,T3,45,existing_table_transcription_only,
3,CMU-MOSEI,Delta (vs. original MMGCN),"(0.5,0.3,0.7)",w-F1,0.27,,T3,45,existing_table_transcription_only,
3,CMU-MOSEI,Delta (vs. original MMGCN),"(0.5,0.7,0.3)",Acc,2.08,,T3,45,existing_table_transcription_only,
3,CMU-MOSEI,Delta (vs. original MMGCN),"(0.5,0.7,0.3)",w-F1,1.78,,T3,45,existing_table_transcription_only,
3,CMU-MOSEI,Delta (vs. original MMGCN),"(0.7,0.3,0.5)",Acc,0.83,,T3,45,existing_table_transcription_only,
3,CMU-MOSEI,Delta (vs. original MMGCN),"(0.7,0.3,0.5)",w-F1,0.7,,T3,45,existing_table_transcription_only,
3,CMU-MOSEI,Delta (vs. original MMGCN),"(0.7,0.5,0.3)",Acc,1.44,,T3,45,existing_table_transcription_only,
3,CMU-MOSEI,Delta (vs. original MMGCN),"(0.7,0.5,0.3)",w-F1,1.18,,T3,45,existing_table_transcription_only,
3,CMU-MOSEI,Delta1 (vs. Group 1 mean) [MMGCN],"(0.3,0.5,0.7)",Acc,3.55,,T3,46,existing_table_transcription_only,
3,CMU-MOSEI,Delta1 (vs. Group 1 mean) [MMGCN],"(0.3,0.5,0.7)",w-F1,3.84,,T3,46,existing_table_transcription_only,
3,CMU-MOSEI,Delta1 (vs. Group 1 mean) [MMGCN],"(0.3,0.7,0.5)",Acc,4.83,,T3,46,existing_table_transcription_only,
3,CMU-MOSEI,Delta1 (vs. Group 1 mean) [MMGCN],"(0.3,0.7,0.5)",w-F1,5.46,,T3,46,existing_table_transcription_only,
3,CMU-MOSEI,Delta1 (vs. Group 1 mean) [MMGCN],"(0.5,0.3,0.7)",Acc,3.68,,T3,46,existing_table_transcription_only,
3,CMU-MOSEI,Delta1 (vs. Group 1 mean) [MMGCN],"(0.5,0.3,0.7)",w-F1,4.0,,T3,46,existing_table_transcription_only,
3,CMU-MOSEI,Delta1 (vs. Group 1 mean) [MMGCN],"(0.5,0.7,0.3)",Acc,4.49,,T3,46,existing_table_transcription_only,
3,CMU-MOSEI,Delta1 (vs. Group 1 mean) [MMGCN],"(0.5,0.7,0.3)",w-F1,4.71,,T3,46,existing_table_transcription_only,
3,CMU-MOSEI,Delta1 (vs. Group 1 mean) [MMGCN],"(0.7,0.3,0.5)",Acc,3.59,,T3,46,existing_table_transcription_only,
3,CMU-MOSEI,Delta1 (vs. Group 1 mean) [MMGCN],"(0.7,0.3,0.5)",w-F1,3.87,,T3,46,existing_table_transcription_only,
3,CMU-MOSEI,Delta1 (vs. Group 1 mean) [MMGCN],"(0.7,0.5,0.3)",Acc,3.91,,T3,46,existing_table_transcription_only,
3,CMU-MOSEI,Delta1 (vs. Group 1 mean) [MMGCN],"(0.7,0.5,0.3)",w-F1,4.15,,T3,46,existing_table_transcription_only,
3,CMU-MOSEI,MM-DFN,"(0.3,0.5,0.7)",Acc,82.17,,T3,48,existing_table_transcription_only,
3,CMU-MOSEI,MM-DFN,"(0.3,0.5,0.7)",w-F1,81.76,,T3,48,existing_table_transcription_only,
3,CMU-MOSEI,MM-DFN,"(0.3,0.7,0.5)",Acc,78.37,,T3,48,existing_table_transcription_only,
3,CMU-MOSEI,MM-DFN,"(0.3,0.7,0.5)",w-F1,78.14,,T3,48,existing_table_transcription_only,
3,CMU-MOSEI,MM-DFN,"(0.5,0.3,0.7)",Acc,84.18,,T3,48,existing_table_transcription_only,
3,CMU-MOSEI,MM-DFN,"(0.5,0.3,0.7)",w-F1,83.92,,T3,48,existing_table_transcription_only,
3,CMU-MOSEI,MM-DFN,"(0.5,0.7,0.3)",Acc,78.87,,T3,48,existing_table_transcription_only,
3,CMU-MOSEI,MM-DFN,"(0.5,0.7,0.3)",w-F1,79.03,,T3,48,existing_table_transcription_only,
3,CMU-MOSEI,MM-DFN,"(0.7,0.3,0.5)",Acc,84.37,,T3,48,existing_table_transcription_only,
3,CMU-MOSEI,MM-DFN,"(0.7,0.3,0.5)",w-F1,84.3,,T3,48,existing_table_transcription_only,
3,CMU-MOSEI,MM-DFN,"(0.7,0.5,0.3)",Acc,81.89,,T3,48,existing_table_transcription_only,
3,CMU-MOSEI,MM-DFN,"(0.7,0.5,0.3)",w-F1,81.69,,T3,48,existing_table_transcription_only,
3,CMU-MOSEI,MM-DFN+BALM,"(0.3,0.5,0.7)",Acc,82.06,0.43,T3,49,existing_table_transcription_only,
3,CMU-MOSEI,MM-DFN+BALM,"(0.3,0.5,0.7)",w-F1,81.73,0.45,T3,49,existing_table_transcription_only,
3,CMU-MOSEI,MM-DFN+BALM,"(0.3,0.7,0.5)",Acc,78.81,0.58,T3,49,existing_table_transcription_only,
3,CMU-MOSEI,MM-DFN+BALM,"(0.3,0.7,0.5)",w-F1,78.5,0.63,T3,49,existing_table_transcription_only,
3,CMU-MOSEI,MM-DFN+BALM,"(0.5,0.3,0.7)",Acc,84.34,0.44,T3,49,existing_table_transcription_only,
3,CMU-MOSEI,MM-DFN+BALM,"(0.5,0.3,0.7)",w-F1,84.14,0.39,T3,49,existing_table_transcription_only,
3,CMU-MOSEI,MM-DFN+BALM,"(0.5,0.7,0.3)",Acc,79.36,0.39,T3,49,existing_table_transcription_only,
3,CMU-MOSEI,MM-DFN+BALM,"(0.5,0.7,0.3)",w-F1,79.19,0.39,T3,49,existing_table_transcription_only,
3,CMU-MOSEI,MM-DFN+BALM,"(0.7,0.3,0.5)",Acc,84.78,0.21,T3,49,existing_table_transcription_only,
3,CMU-MOSEI,MM-DFN+BALM,"(0.7,0.3,0.5)",w-F1,84.68,0.26,T3,49,existing_table_transcription_only,
3,CMU-MOSEI,MM-DFN+BALM,"(0.7,0.5,0.3)",Acc,82.53,0.35,T3,49,existing_table_transcription_only,
3,CMU-MOSEI,MM-DFN+BALM,"(0.7,0.5,0.3)",w-F1,82.29,0.28,T3,49,existing_table_transcription_only,
3,CMU-MOSEI,MM-DFN+AMBER,"(0.3,0.5,0.7)",Acc,82.75,0.22,T3,51,run_summary_and_log_excerpt_verified,G31
3,CMU-MOSEI,MM-DFN+AMBER,"(0.3,0.5,0.7)",w-F1,82.72,0.17,T3,51,run_summary_and_log_excerpt_verified,G31
3,CMU-MOSEI,MM-DFN+AMBER,"(0.3,0.7,0.5)",Acc,79.82,0.21,T3,51,run_summary_and_log_excerpt_verified,G32
3,CMU-MOSEI,MM-DFN+AMBER,"(0.3,0.7,0.5)",w-F1,79.49,0.2,T3,51,run_summary_and_log_excerpt_verified,G32
3,CMU-MOSEI,MM-DFN+AMBER,"(0.5,0.3,0.7)",Acc,84.81,0.07,T3,51,run_summary_and_log_excerpt_verified,G33
3,CMU-MOSEI,MM-DFN+AMBER,"(0.5,0.3,0.7)",w-F1,84.72,0.14,T3,51,run_summary_and_log_excerpt_verified,G33
3,CMU-MOSEI,MM-DFN+AMBER,"(0.5,0.7,0.3)",Acc,79.82,0.23,T3,51,run_summary_and_log_excerpt_verified,G34
3,CMU-MOSEI,MM-DFN+AMBER,"(0.5,0.7,0.3)",w-F1,79.55,0.05,T3,51,run_summary_and_log_excerpt_verified,G34
3,CMU-MOSEI,MM-DFN+AMBER,"(0.7,0.3,0.5)",Acc,84.96,0.29,T3,51,run_summary_and_log_excerpt_verified,G35
3,CMU-MOSEI,MM-DFN+AMBER,"(0.7,0.3,0.5)",w-F1,84.85,0.27,T3,51,run_summary_and_log_excerpt_verified,G35
3,CMU-MOSEI,MM-DFN+AMBER,"(0.7,0.5,0.3)",Acc,82.86,0.67,T3,51,run_summary_and_log_excerpt_verified,G36
3,CMU-MOSEI,MM-DFN+AMBER,"(0.7,0.5,0.3)",w-F1,82.68,0.6,T3,51,run_summary_and_log_excerpt_verified,G36
3,CMU-MOSEI,Delta (vs. original MM-DFN),"(0.3,0.5,0.7)",Acc,0.58,,T3,52,existing_table_transcription_only,
3,CMU-MOSEI,Delta (vs. original MM-DFN),"(0.3,0.5,0.7)",w-F1,0.96,,T3,52,existing_table_transcription_only,
3,CMU-MOSEI,Delta (vs. original MM-DFN),"(0.3,0.7,0.5)",Acc,1.45,,T3,52,existing_table_transcription_only,
3,CMU-MOSEI,Delta (vs. original MM-DFN),"(0.3,0.7,0.5)",w-F1,1.35,,T3,52,existing_table_transcription_only,
3,CMU-MOSEI,Delta (vs. original MM-DFN),"(0.5,0.3,0.7)",Acc,0.63,,T3,52,existing_table_transcription_only,
3,CMU-MOSEI,Delta (vs. original MM-DFN),"(0.5,0.3,0.7)",w-F1,0.8,,T3,52,existing_table_transcription_only,
3,CMU-MOSEI,Delta (vs. original MM-DFN),"(0.5,0.7,0.3)",Acc,0.95,,T3,52,existing_table_transcription_only,
3,CMU-MOSEI,Delta (vs. original MM-DFN),"(0.5,0.7,0.3)",w-F1,0.52,,T3,52,existing_table_transcription_only,
3,CMU-MOSEI,Delta (vs. original MM-DFN),"(0.7,0.3,0.5)",Acc,0.59,,T3,52,existing_table_transcription_only,
3,CMU-MOSEI,Delta (vs. original MM-DFN),"(0.7,0.3,0.5)",w-F1,0.55,,T3,52,existing_table_transcription_only,
3,CMU-MOSEI,Delta (vs. original MM-DFN),"(0.7,0.5,0.3)",Acc,0.97,,T3,52,existing_table_transcription_only,
3,CMU-MOSEI,Delta (vs. original MM-DFN),"(0.7,0.5,0.3)",w-F1,0.99,,T3,52,existing_table_transcription_only,
3,CMU-MOSEI,Delta1 (vs. Group 1 mean) [MM-DFN],"(0.3,0.5,0.7)",Acc,3.58,,T3,53,existing_table_transcription_only,
3,CMU-MOSEI,Delta1 (vs. Group 1 mean) [MM-DFN],"(0.3,0.5,0.7)",w-F1,3.97,,T3,53,existing_table_transcription_only,
3,CMU-MOSEI,Delta1 (vs. Group 1 mean) [MM-DFN],"(0.3,0.7,0.5)",Acc,4.44,,T3,53,existing_table_transcription_only,
3,CMU-MOSEI,Delta1 (vs. Group 1 mean) [MM-DFN],"(0.3,0.7,0.5)",w-F1,5.18,,T3,53,existing_table_transcription_only,
3,CMU-MOSEI,Delta1 (vs. Group 1 mean) [MM-DFN],"(0.5,0.3,0.7)",Acc,3.48,,T3,53,existing_table_transcription_only,
3,CMU-MOSEI,Delta1 (vs. Group 1 mean) [MM-DFN],"(0.5,0.3,0.7)",w-F1,3.85,,T3,53,existing_table_transcription_only,
3,CMU-MOSEI,Delta1 (vs. Group 1 mean) [MM-DFN],"(0.5,0.7,0.3)",Acc,4.11,,T3,53,existing_table_transcription_only,
3,CMU-MOSEI,Delta1 (vs. Group 1 mean) [MM-DFN],"(0.5,0.7,0.3)",w-F1,4.31,,T3,53,existing_table_transcription_only,
3,CMU-MOSEI,Delta1 (vs. Group 1 mean) [MM-DFN],"(0.7,0.3,0.5)",Acc,3.69,,T3,53,existing_table_transcription_only,
3,CMU-MOSEI,Delta1 (vs. Group 1 mean) [MM-DFN],"(0.7,0.3,0.5)",w-F1,3.98,,T3,53,existing_table_transcription_only,
3,CMU-MOSEI,Delta1 (vs. Group 1 mean) [MM-DFN],"(0.7,0.5,0.3)",Acc,3.78,,T3,53,existing_table_transcription_only,
3,CMU-MOSEI,Delta1 (vs. Group 1 mean) [MM-DFN],"(0.7,0.5,0.3)",w-F1,4.03,,T3,53,existing_table_transcription_only,
