run_id,group_id,dataset,model,imr,seed_alias,log_file,original_log_sha256,redacted_log_sha256,original_line_count,retained_original_line_count,sanitized_line_count,removed_line_count,epoch_summary_count,final_best_epoch,final_acc_pct,final_wf1_pct,best_report_acc,best_report_weighted_f1,best_report_support,best_report_matches_final_scalars_4dp,source_status,process_return_code
G01-seed1,G01,IEMOCAP,GCNet+AMBER,"(0.3,0.5,0.7)",seed1,run_logs/G01/G01-seed1.log,a1e8fa8e2270d1bb8b62680d460e837ea330016ff4d15c7173642e872722add6,54b4b18612284bfd41ffc02e4ba3e63bf8e0d953addc5d9f0f9a2ef84202a2fb,3720,1234,4,2482,150,124,62.90819470117067,62.900252311386915,0.6291,0.629,1623,True,ok,3221226505
G01-seed2,G01,IEMOCAP,GCNet+AMBER,"(0.3,0.5,0.7)",seed2,run_logs/G01/G01-seed2.log,a6e19ee6fa01889238076e51226663cd885da28f2add2b7495ddd2a643d42665,bfd40fa8e3eaf73aa19414095fa70115a13f9ebe6bdb63da2912d50c3b81584a,3720,1234,4,2482,150,139,61.552680221811464,61.72908724595304,0.6155,0.6173,1623,True,ok,3221226505
G01-seed3,G01,IEMOCAP,GCNet+AMBER,"(0.3,0.5,0.7)",seed3,run_logs/G01/G01-seed3.log,3871465e813b3c1c503336599c5a90347a58c2daa57a8b8234f74c0e2f8c8851,8d066eaf76f2d43bc25cd650b753aa2756e750177ef14ed2e42525fe58786f85,1753,579,4,1170,68,27,60.81330868761553,60.4727998243652,0.6081,0.6047,1623,True,ok,3221226505
G01-seed4,G01,IEMOCAP,GCNet+AMBER,"(0.3,0.5,0.7)",seed4,run_logs/G01/G01-seed4.log,4de5da7c3b5798021861c27ec1e2939d5036de5b024e8f0bbed2767ea8f533b0,e73692d9dc8d45f847baa68cb987f89d31bf325bdfa146035ece2e342133558d,2905,963,4,1938,116,75,60.998151571164506,60.72427873287586,0.61,0.6072,1623,True,ok,3221226505
G01-seed5,G01,IEMOCAP,GCNet+AMBER,"(0.3,0.5,0.7)",seed5,run_logs/G01/G01-seed5.log,137c907c2e537e208dc03b51d99c1e1e1ec5a17e210494c1dd5b0087508fa740,e2fa10ca5943a19e8ed2b6d58a3ad11f697a6397d49defcc05fa28758b2e5792,1969,651,4,1314,77,36,62.969808995687,62.5947425424381,0.6297,0.6259,1623,True,ok,3221226505
G02-seed1,G02,IEMOCAP,GCNet+AMBER,"(0.3,0.7,0.5)",seed1,run_logs/G02/G02-seed1.log,fb52d7125096ff6f155f146d057ad5f44eb25043a490984aa8903156c249cb99,40a9ba1762a3100f5533a6c94f4adbf5ecdd57c4804430cbb8d99653c74d30fe,3720,1234,4,2482,150,149,60.69008009858287,59.69016487172515,0.6069,0.5969,1623,True,ok,3221226505
G02-seed2,G02,IEMOCAP,GCNet+AMBER,"(0.3,0.7,0.5)",seed2,run_logs/G02/G02-seed2.log,8dbd74404db3b780a65f3079ed63f21c9b217403a620cd98db1483bedd6382a4,f889c9092483a0a7244c7d8d7d5def202a8e570a5ed50f1a3627068f7adbed2c,2473,819,4,1650,98,57,59.58102279728897,59.09598980689037,0.5958,0.591,1623,True,ok,3221226505
G02-seed3,G02,IEMOCAP,GCNet+AMBER,"(0.3,0.7,0.5)",seed3,run_logs/G02/G02-seed3.log,a02ea7aa6db75fdcff871b7586a4aab3ba1434dcfa4a15fbdcd14bd59225fc5e,7ebb154cfabf424c966c5e8559b01c2191367600701be1e10797ee81e558331d,2209,731,4,1474,87,46,58.9648798521257,58.63503508709877,0.5896,0.5864,1623,True,ok,3221226505
G02-seed4,G02,IEMOCAP,GCNet+AMBER,"(0.3,0.7,0.5)",seed4,run_logs/G02/G02-seed4.log,2b8ecd74bbd4387709b6bbb8b60d2429585c9c785ba5b42807e7f5ac9a204ec0,a63ef5c15446834af997c17e43bfbf78f975331877f64b6ae06c1e530fe6d7c5,2569,851,4,1714,102,61,59.950708564386936,59.73560189596573,0.5995,0.5974,1623,True,ok,3221226505
G02-seed5,G02,IEMOCAP,GCNet+AMBER,"(0.3,0.7,0.5)",seed5,run_logs/G02/G02-seed5.log,4e0c12e85dd9de5c911e687320c51a0820c498ae69c77fbd8e23a7964c83bcd5,41d452ca721feb771afd3466fee7684fbfe6d6324ce1389e6a01a04e40848ffc,3720,1234,4,2482,150,126,60.44362292051756,58.84364297329303,0.6044,0.5884,1623,True,ok,3221226505
G03-seed1,G03,IEMOCAP,GCNet+AMBER,"(0.5,0.3,0.7)",seed1,run_logs/G03/G03-seed1.log,520bb40d8f35ca336fb818a4b185761467820d7bfb24d496f29a3f356b99cb73,2206bad1680445bbe81b0a45063fd1b7e0abe84cabf3cc12d9ccb5e8819d9388,3720,1234,4,2482,150,133,65.37276648182379,65.12579189402835,0.6537,0.6513,1623,True,ok,3221226505
G03-seed2,G03,IEMOCAP,GCNet+AMBER,"(0.5,0.3,0.7)",seed2,run_logs/G03/G03-seed2.log,a6e3ee6cae9815241c1a27c1d19cca679583cc6adbedd87937f28e436e3c0401,e42b5b2d6cad27c202f18ac05eae4426488f3519d8cdbc45ad5eb4c29c1e3df9,3720,1234,4,2482,150,137,63.4011090573013,62.24017670007229,0.634,0.6224,1623,True,ok,3221226505
G03-seed3,G03,IEMOCAP,GCNet+AMBER,"(0.5,0.3,0.7)",seed3,run_logs/G03/G03-seed3.log,2c63ef90f9e608978e74043695bde4e0b2861e960f2b2da8b627c580d97725c2,48e4290c9fd92168712cd7024bed588767d25629f59be89c274f660dfbc37390,3720,1234,4,2482,150,143,64.57178065311152,64.41063729742898,0.6457,0.6441,1623,True,ok,3221226505
G03-seed4,G03,IEMOCAP,GCNet+AMBER,"(0.5,0.3,0.7)",seed4,run_logs/G03/G03-seed4.log,c178a8f6202b884ac3efbbd3097fd1edc811c9d5b857e51d7056727de4dd455f,31a0e4b59c1de069f2be5a3f9d7b53eefcca16200b04e0c28f1c55e164f9ae36,3720,1234,4,2482,150,137,65.06469500924214,64.73328334883675,0.6506,0.6473,1623,True,ok,3221226505
G03-seed5,G03,IEMOCAP,GCNet+AMBER,"(0.5,0.3,0.7)",seed5,run_logs/G03/G03-seed5.log,bbcdd6a550ba32f8c1790c2cb95952bbebca21c6a72ae66d631af01c80a03695,31e03acdcabf605c68275296359bd25d5032d244170470aa3566cc1d61674819,3720,1234,4,2482,150,128,67.4060382008626,66.89549601559347,0.6741,0.669,1623,True,ok,3221226505
G04-seed1,G04,IEMOCAP,GCNet+AMBER,"(0.5,0.7,0.3)",seed1,run_logs/G04/G04-seed1.log,422596bcc819bfac5ab8f5b2757ad33a721f307b43719d4f6ccb79d56e85c511,d363f75151abb1a52ca9a2ae148f3ba5588005e67d5d57a28e138e788d2508e1,2233,739,4,1490,88,47,62.04559457794209,61.771043762165114,0.6205,0.6177,1623,True,ok,3221226505
G04-seed2,G04,IEMOCAP,GCNet+AMBER,"(0.5,0.7,0.3)",seed2,run_logs/G04/G04-seed2.log,84d08719168d074a77edc6c194ccbaf1bb6b641e165db8af9175284e6fe65ff9,72b68d623fa3e83e121193d18f02a0d013d349add61ed05bfaad657fa734926c,2953,979,4,1970,118,77,60.7516943930992,60.31744104111152,0.6075,0.6032,1623,True,ok,3221226505
G04-seed3,G04,IEMOCAP,GCNet+AMBER,"(0.5,0.7,0.3)",seed3,run_logs/G04/G04-seed3.log,4ca4d746cd8faf89faa9150753d507ce74daef334a69a5d2e00021993e31b2fc,1f89857dfc5e5bd4b0ec570c789ad9e43347a2827c57d3421a618077a9256366,2065,683,4,1378,81,40,59.76586568083796,59.547989273970934,0.5977,0.5955,1623,True,ok,3221226505
G04-seed4,G04,IEMOCAP,GCNet+AMBER,"(0.5,0.7,0.3)",seed4,run_logs/G04/G04-seed4.log,7103b14ec5a5c9b2e1624095f43fa0417a59ebcf3238e343e5a13c149babb430,7ab59946d871c2ea28044c9c8849983196903d3bed4572c21a58697137c45e73,2113,699,4,1410,83,42,60.62846580406654,59.69817371584823,0.6063,0.597,1623,True,ok,3221226505
G04-seed5,G04,IEMOCAP,GCNet+AMBER,"(0.5,0.7,0.3)",seed5,run_logs/G04/G04-seed5.log,e8ee27ae60ab9edb6ea5a8111d5ebdb58aa8a67c3e16d71b4947fc0e5726c28a,4f64879e2dead808d372442228ec9b1a38ddfe8d7bae8b17b05d05015f12353e,3720,1234,4,2482,150,117,59.70425138632163,59.74651777815537,0.597,0.5975,1623,True,ok,3221226505
G05-seed1,G05,IEMOCAP,GCNet+AMBER,"(0.7,0.3,0.5)",seed1,run_logs/G05/G05-seed1.log,67ee0c43288baef9e2e98b7497d3ed2f49a32c579e060d6fbe7f66cf122919a7,d2516f5df364532e8cf42bbe3be8e7d02280db2f0a0af4f89a423e33b94cdf59,3720,1234,4,2482,150,142,65.61922365988909,65.18027003258678,0.6562,0.6518,1623,True,ok,3221226505
G05-seed2,G05,IEMOCAP,GCNet+AMBER,"(0.7,0.3,0.5)",seed2,run_logs/G05/G05-seed2.log,8ab70fddc0fbebb0a3e4d3c904375d9fea66fb9744369f6d5454841e55db20cf,076a095a48d3b2f057df6d4f7ded3cd7a0771cf588de76b14e57bca2177a3f95,3720,1234,4,2482,150,132,64.9414664202095,64.5489907507088,0.6494,0.6455,1623,True,ok,3221226505
G05-seed3,G05,IEMOCAP,GCNet+AMBER,"(0.7,0.3,0.5)",seed3,run_logs/G05/G05-seed3.log,becccc2a2b4c45aa1b4f8d6900219618423b2f728e0fdf53bb43be253bc95d09,bf251287649a0f5d592e5c0aef4d6e95b008e016d8370908194a7c6fa6699e50,3720,1234,4,2482,150,128,63.95563770794824,63.671956815550814,0.6396,0.6367,1623,True,ok,3221226505
G05-seed4,G05,IEMOCAP,GCNet+AMBER,"(0.7,0.3,0.5)",seed4,run_logs/G05/G05-seed4.log,8027f3bb41bf7def5dbfbc55651965f7328546bcd29483dc5fb1d55fd4c93027,0e2401b77a6564b4e78607d3365023a2de4d8eaa5ecac285d212de168126a0ee,3720,1234,4,2482,150,149,66.29698089956871,65.74536286035195,0.663,0.6575,1623,True,ok,3221226505
G05-seed5,G05,IEMOCAP,GCNet+AMBER,"(0.7,0.3,0.5)",seed5,run_logs/G05/G05-seed5.log,e1220e3ad46fdef96425cea6031798feae490ffd81e76cfca36939685ec137f1,f3a7ca6b2a4ff0f3e72bd319f5290afae65701bf31894ceb2219da609a499af9,3720,1234,4,2482,150,149,65.92729513247073,65.35054465215501,0.6593,0.6535,1623,True,ok,3221226505
G06-seed1,G06,IEMOCAP,GCNet+AMBER,"(0.7,0.5,0.3)",seed1,run_logs/G06/G06-seed1.log,739f6ba5a21f4bf157c5ce7bdb4a57b9d163a6567e806ab3084e275b5107da7e,fa11866f138ac99ec797501d5079e873a2f2168d792981adc80fc67ef0d46e2e,2401,795,4,1602,95,54,62.292051756007396,61.52242157536156,0.6229,0.6152,1623,True,ok,3221226505
G06-seed2,G06,IEMOCAP,GCNet+AMBER,"(0.7,0.5,0.3)",seed2,run_logs/G06/G06-seed2.log,bd599eb0d8060f9cf030f9094399ae7039bff03a07cdf6036f654141607865fd,9b2283de86b7df9a4c382f8c528b27ec8d5a4cccfa2c1a09c298e220887a5480,2473,819,4,1650,98,57,62.78496611213802,62.155141096846776,0.6278,0.6216,1623,True,ok,3221226505
G06-seed3,G06,IEMOCAP,GCNet+AMBER,"(0.7,0.5,0.3)",seed3,run_logs/G06/G06-seed3.log,1ba719e42a43dd25d2214abb5ce671a80d347761caf34b4d5b8896d19188f9a4,c8c9e7607624b36a30bdc04a9819a568c479a45b5d643286dd02b87f4428d7eb,2257,747,4,1506,89,48,61.737523105360445,61.56507489545477,0.6174,0.6157,1623,True,ok,3221226505
G06-seed4,G06,IEMOCAP,GCNet+AMBER,"(0.7,0.5,0.3)",seed4,run_logs/G06/G06-seed4.log,7c047aedbfbe626bb9ac78ab6047af8e217e90d7532528e51fa76b95ba7dc9a4,e97bc6a261ba22b576e77ff151ebc5b47cf980fa61265d4c470c250d2f4cea3f,3649,1211,4,2434,147,106,62.90819470117067,62.292886578386394,0.6291,0.6229,1623,True,ok,3221226505
G06-seed5,G06,IEMOCAP,GCNet+AMBER,"(0.7,0.5,0.3)",seed5,run_logs/G06/G06-seed5.log,a4b0158c49edd55d692d101e811fa710024cf3d9eb74a56d6e77a38c96e5a540,3eeb21288f8f4b85246c06fe0f7e4182ff98c7d76847bc2646085409a6337c87,3720,1234,4,2482,150,112,62.16882316697474,61.79080764962729,0.6217,0.6179,1623,True,ok,3221226505
G07-seed1,G07,IEMOCAP,MMGCN+AMBER,"(0.3,0.5,0.7)",seed1,run_logs/G07/G07-seed1.log,7ba8986de9a143c93afb91ae363d8be98fdc90eef5ff11b069240aaf3fc0945b,f65c8d02e061561c778737ab7221949d162d1e76071c3aff3dec7cca5ba00b6e,2220,739,2,1479,88,62,65.06469500924214,64.81712373565762,0.6506,0.6482,1623,True,ok,3221226505
G07-seed2,G07,IEMOCAP,MMGCN+AMBER,"(0.3,0.5,0.7)",seed2,run_logs/G07/G07-seed2.log,37646740ebe47dc4f39ee7edf110c16d0a81c8ea299cbbcf114aca18152d7166,0ef261c3bacf4db0cb6b327be51b52f338dc9125cbdbb4623deb19d09ac21ace,2124,707,2,1415,84,58,66.78989525569932,66.51814678624355,0.6679,0.6652,1623,True,ok,3221226505
G07-seed3,G07,IEMOCAP,MMGCN+AMBER,"(0.3,0.5,0.7)",seed3,run_logs/G07/G07-seed3.log,c53481e8c867c0a46d9960494ccacc3278e552ded8ab13a9676939218cba9a59,416a9a500e7d9a15f16d6d44435f83d5b74b4f5ad9655f0378a185e04daa9840,2148,715,2,1431,85,59,63.52433764633395,63.39431758976548,0.6352,0.6339,1623,True,ok,3221226505
G07-seed4,G07,IEMOCAP,MMGCN+AMBER,"(0.3,0.5,0.7)",seed4,run_logs/G07/G07-seed4.log,6b796cf4ad65400e2868578cf57c068c765d0acfc64053ab65b1d08d2350b7f4,7a0f1c1557501fc78c5a522ae6ed735bbc63c334cfea2e2de5c9314d9aa6d64d,1692,563,2,1127,66,40,64.01725200246457,63.74845667518756,0.6402,0.6375,1623,True,ok,3221226505
G07-seed5,G07,IEMOCAP,MMGCN+AMBER,"(0.3,0.5,0.7)",seed5,run_logs/G07/G07-seed5.log,4c96061a64fbedf0ea7f472cbbe4db54ac4215c342ad3e356833d075074d28ce,e057898802d01670ddb6282d48d7114f22b420e9de1f153ad4d4673a927e2c28,1764,587,2,1175,69,43,63.83240911891559,64.04290615948695,0.6383,0.6404,1623,True,ok,3221226505
G08-seed1,G08,IEMOCAP,MMGCN+AMBER,"(0.3,0.7,0.5)",seed1,run_logs/G08/G08-seed1.log,c925b08120dbb6e4215efa4498dac90e84385265a40e747e286da042dfae1189,a2e0e3c8f0be922981327e45a8d0eff6c4a2bc592bf285156ed6a1edbed809ed,1836,611,2,1223,72,46,63.52433764633395,63.34504397008971,0.6352,0.6335,1623,True,ok,3221226505
G08-seed2,G08,IEMOCAP,MMGCN+AMBER,"(0.3,0.7,0.5)",seed2,run_logs/G08/G08-seed2.log,24b1c66f1f8f15a4a5cbed90877e403bca7f05adeee3ed94425c303ea01accd9,3e91d2619b91c751af75fa85274e142dbef63c8a233e3d0742b12db812f13319,2484,827,2,1655,99,73,62.230437461491064,61.98950027767432,0.6223,0.6199,1623,True,ok,3221226505
G08-seed3,G08,IEMOCAP,MMGCN+AMBER,"(0.3,0.7,0.5)",seed3,run_logs/G08/G08-seed3.log,29bcc113b07f53f87961fa89706ec063447ceff0aead77346cd25d10dee72d4c,f6c63e13a8d7d9f62e28a4d2ab8df9ae084ec9e00b0a6f18b80f38e604210821,1956,651,2,1303,77,51,62.72335181762168,62.6247577899922,0.6272,0.6262,1623,True,ok,3221226505
G08-seed4,G08,IEMOCAP,MMGCN+AMBER,"(0.3,0.7,0.5)",seed4,run_logs/G08/G08-seed4.log,55f9c1b5da413b838655476af9fbf0b408ec81c55623f1ed48733cee3afc8728,ccc5c2cd91e2233291f8cc9d00dd987b9a5f7df477890e329590b538667624d4,1572,523,2,1047,61,35,63.709180529882936,62.89025481617221,0.6371,0.6289,1623,True,ok,3221226505
G08-seed5,G08,IEMOCAP,MMGCN+AMBER,"(0.3,0.7,0.5)",seed5,run_logs/G08/G08-seed5.log,84d64b0aa3b6ff570dee933bd2c7e94c10ce3266165e18aec4d976841403440e,67713ad2f670d675ac5e16833174923a92146dea09a0b5d24be220473df8734d,1860,619,2,1239,73,47,63.21626617375231,62.80745726556749,0.6322,0.6281,1623,True,ok,3221226505
G09-seed1,G09,IEMOCAP,MMGCN+AMBER,"(0.5,0.3,0.7)",seed1,run_logs/G09/G09-seed1.log,8d064b4f752b7866c5e3128b851ea0f85c43dce738aedcdd9860385901c96f15,edca20e11a9bbb9d2880e730c81e7da5cefb8c6d7c5db95e4600e51d6ed5809a,1716,571,2,1143,67,41,65.68083795440542,65.4748540115977,0.6568,0.6547,1623,True,ok,3221226505
G09-seed2,G09,IEMOCAP,MMGCN+AMBER,"(0.5,0.3,0.7)",seed2,run_logs/G09/G09-seed2.log,91abf6c90db75171fef7e212d910d4344ffa8cf42e2ddd3fb26e88ef146f8238,8593945ac571a0303591ab4b693da3124ae6dbc723cc3af962da90ea43526f21,2052,683,2,1367,81,55,64.87985212569316,64.99125704936449,0.6488,0.6499,1623,True,ok,3221226505
G09-seed3,G09,IEMOCAP,MMGCN+AMBER,"(0.5,0.3,0.7)",seed3,run_logs/G09/G09-seed3.log,90cee83b5160c78eb3202e148aa6814a57d002277d514ace90ff15b6788e9e68,e9dfb19f24e435d0172ecaee234e627a2ac17fa25f29c94ee1183bf604b69ecd,1596,531,2,1063,62,36,66.11213801601971,65.88218947206008,0.6611,0.6588,1623,True,ok,3221226505
G09-seed4,G09,IEMOCAP,MMGCN+AMBER,"(0.5,0.3,0.7)",seed4,run_logs/G09/G09-seed4.log,878b8a1cddf0799bcbdacf9bdbf26c8d94433123a79aaec7aad07e80b58a401a,b91664bbb9a1e152f413f025cdfe36855532579d13a44d8d4bf412a8612c61a4,1452,483,2,967,56,30,64.9414664202095,64.56792910890327,0.6494,0.6457,1623,True,ok,3221226505
G09-seed5,G09,IEMOCAP,MMGCN+AMBER,"(0.5,0.3,0.7)",seed5,run_logs/G09/G09-seed5.log,7370ac1687d4fd06948f98ee3d84afc770f84483d05906650d9f2579c84283a7,33374b121833a430f9f4af71b54d96dda8ffec32af60fea79b35f2bf542d10d4,1548,515,2,1031,60,34,65.4343807763401,65.33613837000537,0.6543,0.6534,1623,True,ok,3221226505
G10-seed1,G10,IEMOCAP,MMGCN+AMBER,"(0.5,0.7,0.3)",seed1,run_logs/G10/G10-seed1.log,34358928839c9de363e0d090151e0062bcb147812e584dca5e2593902bcce09a,5bdc84a1649103bb76f617cae4148584b79f170a70da006da325973781ea1c8a,2412,803,2,1607,96,70,63.462723351817615,62.91498868971429,0.6346,0.6291,1623,True,ok,3221226505
G10-seed2,G10,IEMOCAP,MMGCN+AMBER,"(0.5,0.7,0.3)",seed2,run_logs/G10/G10-seed2.log,4c6d0d242232295f6384fa629567c4281c2435f8c38679b036ac47edcd7b314a,6307160e1ba780fa42eba6f7fc4b1149002633e030158ff21df3cb4e358c0787,2052,683,2,1367,81,55,63.09303758471966,62.78322398827252,0.6309,0.6278,1623,True,ok,3221226505
G10-seed3,G10,IEMOCAP,MMGCN+AMBER,"(0.5,0.7,0.3)",seed3,run_logs/G10/G10-seed3.log,2d677f7037e21ba36094e03b1367b38a983494023522e25e11b1e178b87ff594,52d33adbc2e8508041bcf94e5cc2a9496ce56b5dd2c7ee3fb3380a20d92172e3,1788,595,2,1191,70,44,62.04559457794209,61.57208173991149,0.6205,0.6157,1623,True,ok,3221226505
G10-seed4,G10,IEMOCAP,MMGCN+AMBER,"(0.5,0.7,0.3)",seed4,run_logs/G10/G10-seed4.log,197485826dd5edcb0ac9a5437af6f30b92ef2c3e215cb90b36a6420b88f4e6d6,8087ca1cd83a90562acd2140f4e2d94f6588aff235458d3540523b76994c763a,2124,707,2,1415,84,58,62.35366605052373,62.205533479341376,0.6235,0.6221,1623,True,ok,3221226505
G10-seed5,G10,IEMOCAP,MMGCN+AMBER,"(0.5,0.7,0.3)",seed5,run_logs/G10/G10-seed5.log,1ba555ddc93f29e85eea05469c3486507e285ea67f2e3079191083d1180980e7,76a38d45f94b116c604e456a572d25d1788e2325e756c73df506b88cab144b9d,1788,595,2,1191,70,44,63.95563770794824,63.935483313853815,0.6396,0.6394,1623,True,ok,3221226505
G11-seed1,G11,IEMOCAP,MMGCN+AMBER,"(0.7,0.3,0.5)",seed1,run_logs/G11/G11-seed1.log,cc6e2c16ebd987247d2153c4a19092561d84563899d16108086b9f732931cb57,70ea177cb6bfe1707ab840d0d149682bca83388ec0f6b35d42f98792ac1e55c9,1836,611,2,1223,72,46,65.92729513247073,65.75720554601101,0.6593,0.6576,1623,True,ok,3221226505
G11-seed2,G11,IEMOCAP,MMGCN+AMBER,"(0.7,0.3,0.5)",seed2,run_logs/G11/G11-seed2.log,739be5bc248323b6eefd5d9e0bb3c744cc55b341468f061ae29ac4245915d9ba,e7921ebc44996ac8213f1fe7922dfb2c7894c25a10378e3e601f2fc49dac0a7b,2772,923,2,1847,111,85,62.90819470117067,63.092991419708476,0.6291,0.6309,1623,True,ok,3221226505
G11-seed3,G11,IEMOCAP,MMGCN+AMBER,"(0.7,0.3,0.5)",seed3,run_logs/G11/G11-seed3.log,8bfed8310350ec44fff2b6619541dc58dd79b4bfc3ebcb74202874727505fa8a,e87f6632672ab4827b8cfe3ba4628d669570fe597a87ef32b8a2d5ad5440497d,1812,603,2,1207,71,45,63.15465187923598,62.70384714463073,0.6315,0.627,1623,True,ok,3221226505
G11-seed4,G11,IEMOCAP,MMGCN+AMBER,"(0.7,0.3,0.5)",seed4,run_logs/G11/G11-seed4.log,55225b1509e48fe8ceb8be746e2146f9af29e534b94a2f1adc72d2b2f8ea5db2,ab490cae3e1ec02090ba92dce6ce4ba33aa02154d49606a63fc8aa15f890d432,1716,571,2,1143,67,41,65.68083795440542,65.2677348069507,0.6568,0.6527,1623,True,ok,3221226505
G11-seed5,G11,IEMOCAP,MMGCN+AMBER,"(0.7,0.3,0.5)",seed5,run_logs/G11/G11-seed5.log,e36a6b6c92f10597ee11102a43619c6086dc1c42d35a1b8e55d27ad92041095c,0c4aaf7aec95f16f619523d7ed216a5c4f43622b30098d7471951e9b37625517,1692,563,2,1127,66,40,62.600123228589034,62.60456362615301,0.626,0.626,1623,True,ok,3221226505
G12-seed1,G12,IEMOCAP,MMGCN+AMBER,"(0.7,0.5,0.3)",seed1,run_logs/G12/G12-seed1.log,c222e95a79a13d7d9faa81e75de52db89ff603eef10fc462e87648bf4408ccd6,2c959c2db2314ea5cfd939f853d5e89a702e881b15cf4056869b50a96f7e9b64,1932,643,2,1287,76,50,64.20209488601355,63.6810072848093,0.642,0.6368,1623,True,ok,3221226505
G12-seed2,G12,IEMOCAP,MMGCN+AMBER,"(0.7,0.5,0.3)",seed2,run_logs/G12/G12-seed2.log,df4d595c91966d7d29da0bf89d93543931e768a2adb5db9ec357f556c074f5e1,755ca0a6390f92a35d91bd4a5a03ae52b2043d03a234946fcd0cd69181f2c671,2124,707,2,1415,84,58,62.10720887245841,62.262159792703365,0.6211,0.6226,1623,True,ok,3221226505
G12-seed3,G12,IEMOCAP,MMGCN+AMBER,"(0.7,0.5,0.3)",seed3,run_logs/G12/G12-seed3.log,a28d9c937cdcfb21c7856571fca7fb728050de8acfe51d62fafa4013753fc26c,a9a36a4dfbccab9c4760266bdc1dcc550c34e99f69d763a38d787ea701345ed9,1500,499,2,999,58,32,62.78496611213802,62.32082037156045,0.6278,0.6232,1623,True,ok,3221226505
G12-seed4,G12,IEMOCAP,MMGCN+AMBER,"(0.7,0.5,0.3)",seed4,run_logs/G12/G12-seed4.log,cc9a7be077a8f57010af392765a8e2f7c1c020914f96ef3b476d8d0f329fcd1a,39484e6b6a346a61ff81d93afdd9ec9c47497812d1756664f9f794a1914ccc39,1668,555,2,1111,65,39,63.647566235366604,63.54087936246538,0.6365,0.6354,1623,True,ok,3221226505
G12-seed5,G12,IEMOCAP,MMGCN+AMBER,"(0.7,0.5,0.3)",seed5,run_logs/G12/G12-seed5.log,5f6f212d03bccfb1fa729c8d580e0f9b9e922697589b03318398ef1d728a5350,ff25a53a4ef604c1968be29b1ad8ee22bf68053a8ae215b963b9d2cd7af2953d,1740,579,2,1159,68,42,62.90819470117067,62.21687494207959,0.6291,0.6222,1623,True,ok,3221226505
G13-seed1,G13,IEMOCAP,MM-DFN+AMBER,"(0.3,0.5,0.7)",seed1,run_logs/G13/G13-seed1.log,e3d60dbb052e947cea2205bf255035eec2953bc6b2e7e74a341784068c8c1e99,6d207587959986765bcb4e1aebc8b30332abfe61d80522ae5fe3a0f2f1e2df7f,1439,475,2,962,55,29,67.28280961182995,66.92545452198331,0.6728,0.6693,1623,True,ok,3221226505
G13-seed2,G13,IEMOCAP,MM-DFN+AMBER,"(0.3,0.5,0.7)",seed2,run_logs/G13/G13-seed2.log,01771a94d9fdc76e37b8b42cd5d2cb75aa547d6fd6f4d4a0d6298f4ef7693d0b,82007e8e218486d7966699f6033e0263dbc32bdb34572c1df685ff8526a4c8fd,1583,523,2,1058,61,35,67.34442390634628,67.03142756721184,0.6734,0.6703,1623,True,ok,3221226505
G13-seed3,G13,IEMOCAP,MM-DFN+AMBER,"(0.3,0.5,0.7)",seed3,run_logs/G13/G13-seed3.log,1390b09cac1266a0beca309acc66d3a8abe8a17dd113e9928755e480eafdc890,097ac2c02289956e885f777864279e3ec33a24bf261a4370da4d27454e7ca675,1199,395,2,802,45,19,68.57670979667283,67.91813069774959,0.6858,0.6792,1623,True,ok,3221226505
G13-seed4,G13,IEMOCAP,MM-DFN+AMBER,"(0.3,0.5,0.7)",seed4,run_logs/G13/G13-seed4.log,6a197cde3d5bca3764cc701c4dad97f6f0e85b1f3ff93c2f715e0e6c1e6de7ab,06c450e046dbe72d06f8e8114012d6cb188c53b915c79486130e33abbedec25a,1199,395,2,802,45,19,66.60505237215034,66.35558019568307,0.6661,0.6636,1623,True,ok,3221226505
G13-seed5,G13,IEMOCAP,MM-DFN+AMBER,"(0.3,0.5,0.7)",seed5,run_logs/G13/G13-seed5.log,02060e01f5004476a82a5d99dfcfbdbe363435c53ff1cdf85ff340cbdc75d22c,cc979526edb6ad3baeb6f917d54750ddd42e3a43d8fc8c7a855b7c30b9a9a13e,1175,387,2,786,44,18,67.34442390634628,66.88653618642803,0.6734,0.6689,1623,True,ok,3221226505
G14-seed1,G14,IEMOCAP,MM-DFN+AMBER,"(0.3,0.7,0.5)",seed1,run_logs/G14/G14-seed1.log,432828f27f6091e9e7b56b93f16242c7d0a67269b1fd6b8e460176415406b9d4,970e3bc56e7a6a6bcc910627d446988b553b4010a7495cc2795e286d3029466a,1799,595,2,1202,70,44,66.05052372150338,65.55915424190374,0.6605,0.6556,1623,True,ok,3221226505
G14-seed2,G14,IEMOCAP,MM-DFN+AMBER,"(0.3,0.7,0.5)",seed2,run_logs/G14/G14-seed2.log,3badfc85388b6f50d4fd4f636d6455951de9db2bded4008a5dd2cddb86b365d5,29b9037e5b40b235b7a13c1288d581f6de25eae7cd6d7c45ef31615eecca26e8,1535,507,2,1026,59,33,64.20209488601355,63.4921260365921,0.642,0.6349,1623,True,ok,3221226505
G14-seed3,G14,IEMOCAP,MM-DFN+AMBER,"(0.3,0.7,0.5)",seed3,run_logs/G14/G14-seed3.log,11b4c81d495693def69aed88b00de7377378bdb43aadb5737788482da0add0de,9450bca88ec38815d7b2a5f44ce2fbb82e7ac9392d0891197d91c9c2c65b076a,1223,403,2,818,46,20,64.75662353666051,64.4648494293088,0.6476,0.6446,1623,True,ok,3221226505
G14-seed4,G14,IEMOCAP,MM-DFN+AMBER,"(0.3,0.7,0.5)",seed4,run_logs/G14/G14-seed4.log,f125cb605c0cc14809d40e7bae86e543222bd217e9ffc79a7631febba87fd8fc,30fb1bd3ee0c9eed603e347c670cdaa060dd1ed0f3e99893b40d5986784022db,1151,379,2,770,43,17,65.86568083795441,65.25589134337142,0.6587,0.6526,1623,True,ok,3221226505
G14-seed5,G14,IEMOCAP,MM-DFN+AMBER,"(0.3,0.7,0.5)",seed5,run_logs/G14/G14-seed5.log,272db3e4711563dd29159c8ea06b5599f043118c6a17432e0ecce6ec232fec75,fd29771383e65f720d8eff13bfda7f76f729ea49b8824c836672ba495bf6c6dd,1943,643,2,1298,76,50,64.14048059149722,63.29875090817909,0.6414,0.633,1623,True,ok,3221226505
G15-seed1,G15,IEMOCAP,MM-DFN+AMBER,"(0.5,0.3,0.7)",seed1,run_logs/G15/G15-seed1.log,933fe8b777704fe395f3bbebacc610742b10a250f24c667123b002dc146a751c,3bd308811f79e2117c599cba235c1309bfe5d2dc127b0f6575dbee7c767389a9,1247,411,2,834,47,21,68.02218114602587,67.75203317053749,0.6802,0.6775,1623,True,ok,3221226505
G15-seed2,G15,IEMOCAP,MM-DFN+AMBER,"(0.5,0.3,0.7)",seed2,run_logs/G15/G15-seed2.log,5311fb0b8bdd1e572ddbea5599eb1a99dfe0bdab403efea9d235d68e237b9b43,e222a5f55b311e29187a7103ea08fd577b7067aecee489e0a441e9201cb9969e,1151,379,2,770,43,17,67.52926678989526,67.15352225951497,0.6753,0.6715,1623,True,ok,3221226505
G15-seed3,G15,IEMOCAP,MM-DFN+AMBER,"(0.5,0.3,0.7)",seed3,run_logs/G15/G15-seed3.log,6f0d894cc3043b2b36bf845a2bf18d6be968acaf031116c174019c4e7da26349,d468dbc7084d1ef4600a22e753363756343bf2ed01c04d920f62ab7430503b47,1223,403,2,818,46,20,68.82316697473814,68.21791779533261,0.6882,0.6822,1623,True,ok,3221226505
G15-seed4,G15,IEMOCAP,MM-DFN+AMBER,"(0.5,0.3,0.7)",seed4,run_logs/G15/G15-seed4.log,1f6e7b41f1dc42823d68d86d8f745b9413db53cf2116dd0add608d272728f898,666c6bdf1f72f46b93f7b975a0104cde7066daf8266323c163e36c50d790d7eb,1175,387,2,786,44,18,69.37769562538509,69.37554126835803,0.6938,0.6938,1623,True,ok,3221226505
G15-seed5,G15,IEMOCAP,MM-DFN+AMBER,"(0.5,0.3,0.7)",seed5,run_logs/G15/G15-seed5.log,e9f7b5e570aaba95bea7ac9274ac254f7d20f3e3d2a677a9ab725e61bdc5ceeb,11f19d3cfa58a47778f2a5d7548c1a8b20833a1a76a4512efcb24c5ea1ce62cb,1151,379,2,770,43,17,68.39186691312385,68.08306319721152,0.6839,0.6808,1623,True,ok,3221226505
G16-seed1,G16,IEMOCAP,MM-DFN+AMBER,"(0.5,0.7,0.3)",seed1,run_logs/G16/G16-seed1.log,a9127f9bcfe2e44badaf479debc0e274314bd5348a8d163b14765c5cb5d9032a,b0d62a0417d27b2a9504b13281a6f0c1949b36e13f3d25727583926a14ab2ce0,1175,387,2,786,44,18,65.68083795440542,64.87022739564956,0.6568,0.6487,1623,True,ok,3221226505
G16-seed2,G16,IEMOCAP,MM-DFN+AMBER,"(0.5,0.7,0.3)",seed2,run_logs/G16/G16-seed2.log,09d902ce54608d8abe934afcddbe02274a9c29ca6b4fa06d588eea709cc437bf,38cf52c6a8bc6b3dd6b19c0d499b74a119c9f57f5ffb1f80e93640cc788d7e83,1247,411,2,834,47,21,64.32532347504622,63.826397614441724,0.6433,0.6383,1623,True,ok,3221226505
G16-seed3,G16,IEMOCAP,MM-DFN+AMBER,"(0.5,0.7,0.3)",seed3,run_logs/G16/G16-seed3.log,f4caebcbda1599010c009dae7ee0f044d30dab58f8c9b0d066a50d2e910ba0d7,64e43ae4773e60a6a5a99862b81f5f07be659536630dcf361aa8aa3bf142ce2c,1199,395,2,802,45,19,64.51016635859519,63.73762385637149,0.6451,0.6374,1623,True,ok,3221226505
G16-seed4,G16,IEMOCAP,MM-DFN+AMBER,"(0.5,0.7,0.3)",seed4,run_logs/G16/G16-seed4.log,9f0e1fd8d38ecd74eefdcc4eb514fe6a03a79d58c31d3924c35dc443a0f60bd7,a8a7b5ee59e2f314f61a299360389b0aec20b823ad189e82719cae42cb765743,1271,419,2,850,48,22,65.06469500924214,64.51933679581443,0.6506,0.6452,1623,True,ok,3221226505
G16-seed5,G16,IEMOCAP,MM-DFN+AMBER,"(0.5,0.7,0.3)",seed5,run_logs/G16/G16-seed5.log,ef3804c17c6d8e7fc478bddc8946c7e20ebb7e76eeebbee79330870fd05271d5,bfa20a73195395141bdb15982b2cf1f3253e038a44e489d709a2cc03e64dea2e,1367,451,2,914,52,26,63.709180529882936,63.363426407585486,0.6371,0.6336,1623,True,ok,3221226505
G17-seed1,G17,IEMOCAP,MM-DFN+AMBER,"(0.7,0.3,0.5)",seed1,run_logs/G17/G17-seed1.log,eb48e9c17171269211670bff21285cc58e88ae8e590cd4d73f28ad1e07fd15e5,dd8e3d0d7e711c054a6e8f1b9b8eff7b743456f3d00eb24ff053f9b36aa48688,1247,411,2,834,47,21,68.0837954405422,67.97248348993719,0.6808,0.6797,1623,True,ok,3221226505
G17-seed2,G17,IEMOCAP,MM-DFN+AMBER,"(0.7,0.3,0.5)",seed2,run_logs/G17/G17-seed2.log,c312ae1f6c2bb17cd85dedbc01eba8cdeb1ebe738ed94c588d5822cca0b29c7b,dd0e63433ffea804541df1f17a29174b71227a70c76b8f66ad826986d705aea8,1247,411,2,834,47,21,68.63832409118915,68.2688763846233,0.6864,0.6827,1623,True,ok,3221226505
G17-seed3,G17,IEMOCAP,MM-DFN+AMBER,"(0.7,0.3,0.5)",seed3,run_logs/G17/G17-seed3.log,10395a02e41882ed5f59a16e02525516da442939a8e4eeca3a5dd42bbaeadb7c,f57c46c12bcf710d81bb16123c5c73d317ab963cda457d6faa66a004321e2802,1007,331,2,674,37,11,67.15958102279728,66.8624492442589,0.6716,0.6686,1623,True,ok,3221226505
G17-seed4,G17,IEMOCAP,MM-DFN+AMBER,"(0.7,0.3,0.5)",seed4,run_logs/G17/G17-seed4.log,6de44255c863c52131abcc6b1cca7b914a9a4a242c574212b55951f23ea95ecd,81ef048ffd63ced356f5eaf0e448ae2bc2086bc4722791fb18bb0b6354474121,1151,379,2,770,43,17,67.15958102279728,67.10345351671776,0.6716,0.671,1623,True,ok,3221226505
G17-seed5,G17,IEMOCAP,MM-DFN+AMBER,"(0.7,0.3,0.5)",seed5,run_logs/G17/G17-seed5.log,a75a1c6f5884ab3ff511fd6ccf02eebc41c7e38a3ffda5e8865947041310c9a1,115302f5547668a1efcc0481d8efe28c88f1560c9beee478bd807fcdcfb92998,1439,475,2,962,55,29,67.22119531731362,66.8231590947111,0.6722,0.6682,1623,True,ok,3221226505
G18-seed1,G18,IEMOCAP,MM-DFN+AMBER,"(0.7,0.5,0.3)",seed1,run_logs/G18/G18-seed1.log,b7a69bc90df51f935b75589bf7a53533b7a685b08b5f179e5c004e0f6290c062,ec7e83377d05b953ba2f5f95afe6f81c23802b17bf42c38bf5475a3b1463f541,1247,411,2,834,47,21,66.66666666666666,65.96822567271182,0.6667,0.6597,1623,True,ok,3221226505
G18-seed2,G18,IEMOCAP,MM-DFN+AMBER,"(0.7,0.5,0.3)",seed2,run_logs/G18/G18-seed2.log,478413f9926ee09fd16f15a8eb199f1d607b459af49de25dc3e3005aac955317,6288d0a81928657f1a61a51774bb7a9d82befff4ef01c281752bf1ff9f6bc585,1079,355,2,722,40,14,66.29698089956871,66.22434969869082,0.663,0.6622,1623,True,ok,3221226505
G18-seed3,G18,IEMOCAP,MM-DFN+AMBER,"(0.7,0.5,0.3)",seed3,run_logs/G18/G18-seed3.log,cadcefa3d15094ea13c1d710cee6f7f444973571901104c1a2181c531f5411ce,584475da691cf55950a1f98bacbf3a8ea44aa2c6b02c3ef6630affb268a4f06e,1151,379,2,770,43,17,65.55760936537277,65.56929771386022,0.6556,0.6557,1623,True,ok,3221226505
G18-seed4,G18,IEMOCAP,MM-DFN+AMBER,"(0.7,0.5,0.3)",seed4,run_logs/G18/G18-seed4.log,083144971645a3925a5efbbf9436b04bb46630cf9bde4ee65c9c49ad1209b74d,a7b6df57649377f1ec4591047d2bbc88f4467b78c247f234124873c0da39cc67,1151,379,2,770,43,17,66.66666666666666,65.83444130190134,0.6667,0.6583,1623,True,ok,3221226505
G18-seed5,G18,IEMOCAP,MM-DFN+AMBER,"(0.7,0.5,0.3)",seed5,run_logs/G18/G18-seed5.log,3965a3ba2ac9c18c23341c98e6447f501ec5b0539c09a54392a83a054153391b,763a4074b9a38fd092d9078acb495b7c8b96be33117cd792dfd0b34c1a3a8a69,1391,459,2,930,53,27,67.28280961182995,66.10794186500078,0.6728,0.6611,1623,True,ok,3221226505
G19-seed1,G19,CMU-MOSEI,GCNet+AMBER,"(0.3,0.5,0.7)",seed1,run_logs/G19/G19-seed1.log,44a01ba7ac7945729a49aee7fd110825bcc6f4103049b798a6d16dd020754ab8,366e5824613ff75536453fea024ed69994d84bdc2b074835b2671cbe412463d5,7074,219,3,6852,24,13,82.00330214639516,81.72936007557827,0.6995,0.6888,4659,False,ok,3221226505
G19-seed2,G19,CMU-MOSEI,GCNet+AMBER,"(0.3,0.5,0.7)",seed2,run_logs/G19/G19-seed2.log,4fa802b226d0d66ba7b9e9762b99cebc3b2a4765ee7301505a5ceaac7b318660,a3c95633f28e0289c5f817d30ffe875e54820cd8bc9dbf40d478790363fefffd,7327,227,3,7097,25,14,81.7556411667584,81.39365752840372,0.6965,0.6845,4659,False,ok,3221226505
G19-seed3,G19,CMU-MOSEI,GCNet+AMBER,"(0.3,0.5,0.7)",seed3,run_logs/G19/G19-seed3.log,f4d2d32bd55bc4d62586ce973b33dc82b4ca65b75e47dde6984c023629db53c1,28c3cb8c2d31a2d812deee6635ddd3c7417407f7a59f37989bc92975c9d745c4,8197,251,3,7943,28,17,82.11337369290038,81.96437509557731,0.7186,0.7119,4659,False,ok,3221226505
G19-seed4,G19,CMU-MOSEI,GCNet+AMBER,"(0.3,0.5,0.7)",seed4,run_logs/G19/G19-seed4.log,ebafb12da0c465fe3c7ebba643b5ac776b475fcbf2b4e83f22dbcdd9dfb9a55a,37ef01d3534c65ad25d250bdfb395d4342331c60aa9520fbae71184f9b225e1f,7903,243,3,7657,27,16,81.50798018712163,81.51355428983244,0.7203,0.7159,4659,False,ok,3221226505
G19-seed5,G19,CMU-MOSEI,GCNet+AMBER,"(0.3,0.5,0.7)",seed5,run_logs/G19/G19-seed5.log,9d25260cf8db22a7b963bb93db885946f5c5b921256db984f032f2ca3f2af657,fee104ec364b0cd86b13c174a78e1574558942a5a267b248e1bb564cdfe42dc0,10803,323,3,10477,37,26,81.452944413869,81.38152958845131,0.7038,0.6968,4659,False,ok,3221226505
G20-seed1,G20,CMU-MOSEI,GCNet+AMBER,"(0.3,0.7,0.5)",seed1,run_logs/G20/G20-seed1.log,8e87f75292d5531576c5e8b558261055db8169fd90149d2d6cdc51ff4e274cad,bf7e3bbcc6e488d500de965cd89ceab4639d49fdd2245f3740eef29ba5ca0daa,9359,283,3,9073,32,21,79.38910291689598,79.29385916288727,0.7019,0.696,4659,False,ok,3221226505
G20-seed2,G20,CMU-MOSEI,GCNet+AMBER,"(0.3,0.7,0.5)",seed2,run_logs/G20/G20-seed2.log,77418c5569858c36da3cce68229ac9211ad5737c894778239036be8f744a3c6b,125265e5ccd68633854a12e1b32e1250880800ed7d95b430bab8eb902c02f81d,7335,227,3,7105,25,14,80.68244358833242,80.60806197491516,0.7094,0.7036,4659,False,ok,3221226505
G20-seed3,G20,CMU-MOSEI,GCNet+AMBER,"(0.3,0.7,0.5)",seed3,run_logs/G20/G20-seed3.log,51816ff038761530d0543cedc5d0e09f413e4c1803f51651cc147cf0d62f9300,90578ccd112f550e6bce6461398a6b80f2fc54a6783d62208fe5815fba283e00,8226,251,3,7972,28,17,79.38910291689598,79.06415051972841,0.6873,0.677,4659,False,ok,3221226505
G20-seed4,G20,CMU-MOSEI,GCNet+AMBER,"(0.3,0.7,0.5)",seed4,run_logs/G20/G20-seed4.log,6cb81c861a8b2c67739ebe3ed9797299864cee50b6e41e8bd36844751cfbcd27,103874102e8c3c5b57a5d2c76d9e3952bf160e9e9cd0e1e7ccddbfb138f275c5,7921,243,3,7675,27,16,79.52669235002752,79.01330301374674,0.6761,0.6615,4659,False,ok,3221226505
G20-seed5,G20,CMU-MOSEI,GCNet+AMBER,"(0.3,0.7,0.5)",seed5,run_logs/G20/G20-seed5.log,c0509ada1374090dad0ca34692388160f9bd8141dc6457729a58e59395865609,33580c02619e4ed164caf7b68c33a17328ccaa6c8fb00828d126271fd7685d71,11967,355,3,11609,41,30,78.97633461750138,78.99516014707888,0.7042,0.7,4659,False,ok,3221226505
G21-seed1,G21,CMU-MOSEI,GCNet+AMBER,"(0.5,0.3,0.7)",seed1,run_logs/G21/G21-seed1.log,f268556b028ebf9019213d6d9095062a9e7dbdaba742ba95a698178bab24fc95,4432746dfd228370431ad0ba13b13eb6a3f6419ff08d9d9d0ed42118ce8bf65a,7345,227,3,7115,25,14,83.7369290038525,83.5290022054826,0.7139,0.7043,4659,False,ok,3221226505
G21-seed2,G21,CMU-MOSEI,GCNet+AMBER,"(0.5,0.3,0.7)",seed2,run_logs/G21/G21-seed2.log,ec6611def207f3d4de69741d354fc70d3b08a45c322c7ce283d3175adfca7605,9cfe293df31813e19d49578ce4be5c7854e62e471a719d61ba4eb5ceadf28f6b,8520,259,3,8258,29,18,84.34232250963126,84.07116392730083,0.7098,0.698,4659,False,ok,3221226505
G21-seed3,G21,CMU-MOSEI,GCNet+AMBER,"(0.5,0.3,0.7)",seed3,run_logs/G21/G21-seed3.log,553d476dfac81f73c77c1252613d968009d9ec291891273911d5b665c5081a8c,45a5ecae5826bb0741d0339217add8d6db707bb51e47d986ad9fc2b9b588ad72,7035,219,3,6813,24,13,85.08530544854155,84.81859740317704,0.7229,0.7124,4659,False,ok,3221226505
G21-seed4,G21,CMU-MOSEI,GCNet+AMBER,"(0.5,0.3,0.7)",seed4,run_logs/G21/G21-seed4.log,69c5610ca5c26fb669b0d64d5905ec186f9097e8904966d93f945ec4c4e36fbb,db5b003c3405022cb52b15e04dac29e07e93ddfa873d9eed1e791c417d548793,7058,219,3,6836,24,13,84.03962575674188,83.9156648469653,0.7223,0.7147,4659,False,ok,3221226505
G21-seed5,G21,CMU-MOSEI,GCNet+AMBER,"(0.5,0.3,0.7)",seed5,run_logs/G21/G21-seed5.log,a89e897a964fa93060ff799767d36dcb0287ddcdc31279604e6ddd6a1d5d4d34,4d466eb7dab7a1f33c0a5486e8ede2709310fef6e5fcf400f23c9184071f91e6,7092,219,3,6870,24,13,83.6818932305999,83.46647607494411,0.7175,0.7085,4659,False,ok,3221226505
G22-seed1,G22,CMU-MOSEI,GCNet+AMBER,"(0.5,0.7,0.3)",seed1,run_logs/G22/G22-seed1.log,4628ec218975cfb6f00f175ec2aafa5f52f60fc5eb89e891cb712f69d6261e04,a30b83b536c3bf9778a7624d94e9e466031727514c0c0d5f11689fb7b3c327ec,9715,291,3,9421,33,22,79.38910291689598,78.99455910599322,0.689,0.6782,4659,False,ok,3221226505
G22-seed2,G22,CMU-MOSEI,GCNet+AMBER,"(0.5,0.7,0.3)",seed2,run_logs/G22/G22-seed2.log,a64c7117b5c2ea2a5e4978f7ce7b0fc4e05d550737a62c6c9ff665c0d20c9598,7a6e6b9f59c1ab54391c356b68ee87f714266b013d26f608c5775ecd3b7da862,10288,307,3,9978,35,24,78.72867363786462,78.22458750757552,0.6808,0.6683,4659,False,ok,3221226505
G22-seed3,G22,CMU-MOSEI,GCNet+AMBER,"(0.5,0.7,0.3)",seed3,run_logs/G22/G22-seed3.log,8416d32fffe6a46b2b4d8558bbe21094cc3ccc1bdbb0e9c6484966a738d4a0da,199a358c9173a816be82cc90df4bfd2efdd5a01b512599c1c06abbef1fcefc11,8505,259,3,8243,29,18,78.7011557512383,78.43544328200012,0.6813,0.6715,4659,False,ok,3221226505
G22-seed4,G22,CMU-MOSEI,GCNet+AMBER,"(0.5,0.7,0.3)",seed4,run_logs/G22/G22-seed4.log,31f87ff0c1c1ddd34f9c9dac28250029a0df5637a777634350c7a2019da5d61a,5e56699bd515e22f1fa575b87ee720a03e22b9f22a052de8a50812168fb2ae76,11402,339,3,11060,39,28,79.16895982388552,79.14486219672182,0.6901,0.6838,4659,False,ok,3221226505
G22-seed5,G22,CMU-MOSEI,GCNet+AMBER,"(0.5,0.7,0.3)",seed5,run_logs/G22/G22-seed5.log,1e9b39f4bf74efd257d2111788fa40de9e8b9a712f6a3bad01306077fd9a1d0b,f2902663f8ad0c0ba198086490eb67d9e3f349ec15ac632ad8e937739b13a59d,11380,339,3,11038,39,28,78.59108420473308,78.2322935530914,0.678,0.6669,4659,False,ok,3221226505
G23-seed1,G23,CMU-MOSEI,GCNet+AMBER,"(0.7,0.3,0.5)",seed1,run_logs/G23/G23-seed1.log,9023deecd9b8a71ea83e008592ab0bcf4fb233d6761b8110431dfba023670b8e,7c0c3cf627aae4ffc05571a9222da61b04ead46aeb08545a6afd7403962f208c,7052,219,3,6830,24,13,84.5074298293891,84.45430472278417,0.7366,0.7313,4659,False,ok,3221226505
G23-seed2,G23,CMU-MOSEI,GCNet+AMBER,"(0.7,0.3,0.5)",seed2,run_logs/G23/G23-seed2.log,7b81c2e8b8179ba36aa1935b04d2f8a4e7059bc3dd4acc8ac85f41fe9a8cdf61,dd23da16e4f7c288c29e3a12c61f74e02ce228fd46e333e1c5bdd24ecde2b8cb,6474,203,3,6268,22,11,83.87451843698403,83.63948004176522,0.716,0.7063,4659,False,ok,3221226505
G23-seed3,G23,CMU-MOSEI,GCNet+AMBER,"(0.7,0.3,0.5)",seed3,run_logs/G23/G23-seed3.log,03bea44b4d17e8b369a5969d925fa49af40438f29aa0a29fb84ecc5017b0a432,fddb85f3ebafdaf08364fd267f073c3d63f8fa84fa92fea5a37c6c93f6a483ab,7344,227,3,7114,25,14,83.95707209686296,83.73856250570073,0.722,0.7133,4659,False,ok,3221226505
G23-seed4,G23,CMU-MOSEI,GCNet+AMBER,"(0.7,0.3,0.5)",seed4,run_logs/G23/G23-seed4.log,f9ab6929c9957eccc59387d9699fa4231ade5ef488aa1382c63cb8c5dda27dc1,90c616531aa0c0f1b1198841dfcf5a05463d0cfdd6a04d48745b4d08d07a775a,7621,235,3,7383,26,15,83.79196477710512,83.68547026822884,0.722,0.7149,4659,False,ok,3221226505
G23-seed5,G23,CMU-MOSEI,GCNet+AMBER,"(0.7,0.3,0.5)",seed5,run_logs/G23/G23-seed5.log,ce513aecd29b2bd65e4606b55bad5b630fb9ce271eca21ded60397da13022fff,937c298c565043069e5dc50d84c4987a430e0c7eaacd567b93e2021b94f26d79,7634,235,3,7396,26,15,84.23225096312603,84.09941151519781,0.7216,0.7137,4659,False,ok,3221226505
G24-seed1,G24,CMU-MOSEI,GCNet+AMBER,"(0.7,0.5,0.3)",seed1,run_logs/G24/G24-seed1.log,aec2c12ca45270176e73c66d4437b0b8d001b0ea77f6fc97e9bb354d64a6a2cc,a823e93b4253e683cc3f3a4a71caa212d466c79959d54d375d47df70fe3bdd1c,8491,259,3,8229,29,18,82.47110621904238,82.33985388354377,0.7223,0.7159,4659,False,ok,3221226505
G24-seed2,G24,CMU-MOSEI,GCNet+AMBER,"(0.7,0.5,0.3)",seed2,run_logs/G24/G24-seed2.log,98d159075b3d0bbe27d40b306af99b6eba63a4d36eddab59f80669061a923f79,f37a815ebf0b64e3257089bd51ef6a1766b78d090b1288650b39d8ef085bc980,7925,243,3,7679,27,16,82.19592735277931,81.95716945416011,0.709,0.6999,4659,False,ok,3221226505
G24-seed3,G24,CMU-MOSEI,GCNet+AMBER,"(0.7,0.5,0.3)",seed3,run_logs/G24/G24-seed3.log,f1fa7425298d5b40193bd2b164803fc58ac7cc7d4dd0b7caaab2650bcbffc03e,9f04d7bf628e16325dfc5e99f467d076fb8dca5ba1fcf8fbb5727dfd819d5f4f,7956,243,3,7710,27,16,82.08585580627408,81.85310179824205,0.7038,0.6942,4659,False,ok,3221226505
G24-seed4,G24,CMU-MOSEI,GCNet+AMBER,"(0.7,0.5,0.3)",seed4,run_logs/G24/G24-seed4.log,eb6b891c6721303307d8c88cded7ad9eb4d53b1862fd9d2ce7b6e59d361ae906,053311aa95a335e66a5f6c4440bb1b2f067d1022ff3b9a58d5a5e2d7390e4e42,8252,251,3,7998,28,17,82.63621353880022,82.54690453742522,0.718,0.7115,4659,False,ok,3221226505
G24-seed5,G24,CMU-MOSEI,GCNet+AMBER,"(0.7,0.5,0.3)",seed5,run_logs/G24/G24-seed5.log,dfd8d7912708d8401699849a7ba95d1575d719724c20ae523c33daa5f594c01b,05990cfa8f292f9641e02d94498ecf471f4b7e810249c6af30a0f7d7b35f0313,8533,259,3,8271,29,18,82.14089157952668,82.09151586346255,0.7147,0.7088,4659,False,ok,3221226505
G25-seed1,G25,CMU-MOSEI,MMGCN+AMBER,"(0.3,0.5,0.7)",seed1,run_logs/G25/G25-seed1.log,df4f5657e1712b4c9b48c3f39dad865b58e77c976acf7990fa28622b64003235,7ab3bffa5708a65cdabfc72568e74c4799461f6bd73aca406ec3f80286312353,5064,163,2,4899,17,6,82.9389102916896,82.736541498992,0.8294,0.8274,3634,True,ok,3221226505
G25-seed2,G25,CMU-MOSEI,MMGCN+AMBER,"(0.3,0.5,0.7)",seed2,run_logs/G25/G25-seed2.log,4138f5ec19d8c858c516e3b36935ca8d1721e9075c640018e516a59d5e1b8e6b,d52644a162271eb6fe12fed916f895692a3c36cb58c1ff9db86b6d61400368f4,4481,147,2,4332,15,4,82.58117776554761,82.52436025333009,0.8258,0.8252,3634,True,ok,3221226505
G25-seed3,G25,CMU-MOSEI,MMGCN+AMBER,"(0.3,0.5,0.7)",seed3,run_logs/G25/G25-seed3.log,156d68de1cf03a1c12a7861dfc3f696e2fde3feb745630f2ab5e7c69c47a943a,7125c97cfd1edda689096eea8ab70ff324bf551182024277f9292049c845bfed,6525,203,2,6320,22,11,82.80132085855806,82.50347531557647,0.828,0.825,3634,True,ok,3221226505
G25-seed4,G25,CMU-MOSEI,MMGCN+AMBER,"(0.3,0.5,0.7)",seed4,run_logs/G25/G25-seed4.log,efc186db359d7ff2b9ea222e9118aa0740ffcbfd9266a0fa3901b52c8476f4c9,a15528886cb668531c6f2747d959eff419941690762d259056dca63f6c7a6fec,5940,187,2,5751,20,9,82.6086956521739,82.46382316985363,0.8261,0.8246,3634,True,ok,3221226505
G25-seed5,G25,CMU-MOSEI,MMGCN+AMBER,"(0.3,0.5,0.7)",seed5,run_logs/G25/G25-seed5.log,3bf2736d2b2480397768b46bfbb7c0ebe14f7d6ec879789a59d9c8c94499fbb3,2b9c3ec217c4b45a352cbd92cae390e6db250812b36235be7dd16a90ba6786b3,5648,179,2,5467,19,8,82.66373142542652,82.70652681921317,0.8266,0.8271,3634,True,ok,3221226505
G26-seed1,G26,CMU-MOSEI,MMGCN+AMBER,"(0.3,0.7,0.5)",seed1,run_logs/G26/G26-seed1.log,aa2c90ec7ae93bde7f2888863085772b1ad95864806d0b5198e1e45dba1e6e5b,197186f7daba54b58924826586e7e6b440decc6e50c9f695bc7eb6d22c71cb4f,5064,163,2,4899,17,6,79.88442487616952,79.54057531781483,0.7988,0.7954,3634,True,ok,3221226505
G26-seed2,G26,CMU-MOSEI,MMGCN+AMBER,"(0.3,0.7,0.5)",seed2,run_logs/G26/G26-seed2.log,21a096c163dd66b2070e9c6fa340928a0f9d9f0ea2229103de5e2e6a634a3cc4,fbf468ef3dac54655634d3714ba633c95a105cfefe1fd707f4bd4d68b7a41a5f,5356,171,2,5183,18,7,80.24215740231149,79.62696875248663,0.8024,0.7963,3634,True,ok,3221226505
G26-seed3,G26,CMU-MOSEI,MMGCN+AMBER,"(0.3,0.7,0.5)",seed3,run_logs/G26/G26-seed3.log,1c753c8036db368712aceb0340e4722456b4e56d4a384904968c3c6ca976587f,2e8484dddf7a39430754cabfe6f2c9d4b780f5099bd188a9daeaf372bb2cdcea,5940,187,2,5751,20,9,80.15960374243258,79.69434153272378,0.8016,0.7969,3634,True,ok,3221226505
G26-seed4,G26,CMU-MOSEI,MMGCN+AMBER,"(0.3,0.7,0.5)",seed4,run_logs/G26/G26-seed4.log,b9f4cdea704029dd2a6a71b97ab25c7c131fa4ae3593659fb2fae6ebd2f81748,2b52e992aeaa3b2bf15118510ea60939f40a037cad1abb6d9a38ef1ba052746e,5064,163,2,4899,17,6,80.21463951568519,80.15339625179114,0.8021,0.8015,3634,True,ok,3221226505
G26-seed5,G26,CMU-MOSEI,MMGCN+AMBER,"(0.3,0.7,0.5)",seed5,run_logs/G26/G26-seed5.log,ad471174162090e6a4f5ba32f1e8d4c0256ecee7c51bd1631633c78a95f69ba7,45ef47e8ec8cf76c1aa7f32dffde1eb96026c3a0c242f0d8c5b0990123987488,6524,203,2,6319,22,11,80.54485415520088,79.83727932019139,0.8054,0.7984,3634,True,ok,3221226505
G27-seed1,G27,CMU-MOSEI,MMGCN+AMBER,"(0.5,0.3,0.7)",seed1,run_logs/G27/G27-seed1.log,a59dedef36a475b1a3873fd84f99cff42fc75a80d0da42f2fd3a860710934175,c82268c41b6c1d7bba56fa8c357496444633e4af617e065a331255049155e02a,6524,203,2,6319,22,11,85.03026967528893,84.8941582751456,0.8503,0.8489,3634,True,ok,3221226505
G27-seed2,G27,CMU-MOSEI,MMGCN+AMBER,"(0.5,0.3,0.7)",seed2,run_logs/G27/G27-seed2.log,31abf1a1192d1c88200d54035cb1fcddfc2c7f247d001b417c4d2f0b69089be5,a952d05745dcf82759225c84eceb3c5d696cd768147eea56ec1b8f2d2f86d438,4481,147,2,4332,15,4,84.64501926252063,84.57273387727,0.8465,0.8457,3634,True,ok,3221226505
G27-seed3,G27,CMU-MOSEI,MMGCN+AMBER,"(0.5,0.3,0.7)",seed3,run_logs/G27/G27-seed3.log,6b5dfdd613f14c2931e8fb21c750a8acf212ebcdffcb32d1b539a2fc947d10a0,a9734f890a1c368261fb7f1990b04432e498a51644770af4ea0d5b948f7c91c4,3896,131,2,3763,13,2,85.16785910842047,84.99644159286377,0.8517,0.85,3634,True,ok,3221226505
G27-seed4,G27,CMU-MOSEI,MMGCN+AMBER,"(0.5,0.3,0.7)",seed4,run_logs/G27/G27-seed4.log,a4fc8de7791581cf2ecda6c2a5104c3349cbbde6d962938436e001b9334bad18,69cdcfb073cf26772d965aaefb805ffb874130da2e2ce5ea381f1ef45824695d,6232,195,2,6035,21,10,85.08530544854155,85.06687945854475,0.8509,0.8507,3634,True,ok,3221226505
G27-seed5,G27,CMU-MOSEI,MMGCN+AMBER,"(0.5,0.3,0.7)",seed5,run_logs/G27/G27-seed5.log,54ab8ea18ead0c6b288652615e7914a632c3ae0064748486745c1ed90fd185c6,6999aa303c7da0b771e5f65a6bba641fd8f423fa195d8a4e8d42d82708d3759d,5064,163,2,4899,17,6,85.11282333516786,84.83471281418035,0.8511,0.8483,3634,True,ok,3221226505
G28-seed1,G28,CMU-MOSEI,MMGCN+AMBER,"(0.5,0.7,0.3)",seed1,run_logs/G28/G28-seed1.log,60cfda3d1643082656fd9ecc995acc78ad1234f6cfc5b1deafcc0c566cca640e,620afceb0e18db8dba71f69cc8163be237c0965c0ed32a8534fe9ed1029d8da3,5356,171,2,5183,18,7,79.71931755641167,79.64977367796081,0.7972,0.7965,3634,True,ok,3221226505
G28-seed2,G28,CMU-MOSEI,MMGCN+AMBER,"(0.5,0.7,0.3)",seed2,run_logs/G28/G28-seed2.log,27e91319e0a59f8936b777b53e6e291eb0f6cd51fd2366c4bd6e7febac8db73a,96b70b7b1372ba8c4368afbe339383d3d066ee7ea0cf3e2c3144bbcaeec67d71,6817,211,2,6604,23,12,79.66428178315905,79.4126762075666,0.7966,0.7941,3634,True,ok,3221226505
G28-seed3,G28,CMU-MOSEI,MMGCN+AMBER,"(0.5,0.7,0.3)",seed3,run_logs/G28/G28-seed3.log,33b77caac6b1d6a89d3f5e59a9922f69c657ffd48dcfbd10d6bfbec53be01d7e,14694a5c959f66dbd0b8feed0fa58da2d224afb57e67a3c068ff02a64d4b6bff,4772,155,2,4615,16,5,80.9851403412218,80.71811838695099,0.8099,0.8072,3634,True,ok,3221226505
G28-seed4,G28,CMU-MOSEI,MMGCN+AMBER,"(0.5,0.7,0.3)",seed4,run_logs/G28/G28-seed4.log,3c5d4fdaf3cdb9ced6b4d81a6451b8f348ee7ac2e2f511d8a4c1024a788fb788,8d27b57fa52adcb59a8ca05196ea7810c8ea79064d5c62c421c854e54c0ffc18,5064,163,2,4899,17,6,80.15960374243258,80.03283615837856,0.8016,0.8003,3634,True,ok,3221226505
G28-seed5,G28,CMU-MOSEI,MMGCN+AMBER,"(0.5,0.7,0.3)",seed5,run_logs/G28/G28-seed5.log,6d1a98164aad15ce98172df951addf282865695b3fee503d8c344594c2d4c479,f082128cfc814e22c99741e05a6ee4e931f03ada12fcc638d57e0866797fc5e5,6232,195,2,6035,21,10,80.48981838194827,79.95288775975929,0.8049,0.7995,3634,True,ok,3221226505
G29-seed1,G29,CMU-MOSEI,MMGCN+AMBER,"(0.7,0.3,0.5)",seed1,run_logs/G29/G29-seed1.log,c04d4b098a7e105316d263192de059ad57a9d8b6ffb2ea061cf0a6e523cb0c51,3eed0bf20e65d2b011b687896feab0e56a984dfe3d7ac06d8a6382323edea445,7984,243,2,7739,27,16,85.00275178866264,84.84740440124821,0.85,0.8485,3634,True,ok,3221226505
G29-seed2,G29,CMU-MOSEI,MMGCN+AMBER,"(0.7,0.3,0.5)",seed2,run_logs/G29/G29-seed2.log,bae10f396fb68e9cb0034b9a4c47fd6093d767cea472c539f29cee1ddcb7c43e,f2362fd5ba2d8b1b6dbea542b0e82e3de3861a064627bb04632e6b60208da759,7400,227,2,7171,25,14,84.75509080902587,84.58657151762719,0.8476,0.8459,3634,True,ok,3221226505
G29-seed3,G29,CMU-MOSEI,MMGCN+AMBER,"(0.7,0.3,0.5)",seed3,run_logs/G29/G29-seed3.log,cd848d6054d445eec40e152dcd30e1ae185daae304c26d7d622c47d04d357955,b10de767704ec3819b52fa75e681153d838dfaeced450762d4d14645862ad79c,5648,179,2,5467,19,8,84.8651623555311,84.70088365560864,0.8487,0.847,3634,True,ok,3221226505
G29-seed4,G29,CMU-MOSEI,MMGCN+AMBER,"(0.7,0.3,0.5)",seed4,run_logs/G29/G29-seed4.log,298f11716e9a8eb0b0f24a1fd3093e19a9dab94a22e6dc7b6aeebed5dba5c57d,0aa160372e1bf1ae000e7536900bd312de6dc9c22be294eeafc3ac5bdb6c2ba6,4480,147,2,4331,15,4,84.67253714914695,84.63767564146404,0.8467,0.8464,3634,True,ok,3221226505
G29-seed5,G29,CMU-MOSEI,MMGCN+AMBER,"(0.7,0.3,0.5)",seed5,run_logs/G29/G29-seed5.log,328cdd4a52ffc62dd537a0a17eac14277c7fbd7ff10253f11c550d9f45c11356,e2b3efb0e8dd8e0042f14d2cb03eb836a1809c466c6a02ebefc376bf9e2519f6,6816,211,2,6603,23,12,85.03026967528893,84.94134933573616,0.8503,0.8494,3634,True,ok,3221226505
G30-seed1,G30,CMU-MOSEI,MMGCN+AMBER,"(0.7,0.5,0.3)",seed1,run_logs/G30/G30-seed1.log,8e3582c9646b897fc07740e6cfb9877551db7b81ca12f34c1a8429912e93de86,1c8f6cd329c50d85bbc535b163f975ccf9fc8f5b865e950231dcf38757cb220c,5065,163,2,4900,17,6,82.96642817831591,82.81644591943214,0.8297,0.8282,3634,True,ok,3221226505
G30-seed2,G30,CMU-MOSEI,MMGCN+AMBER,"(0.7,0.5,0.3)",seed2,run_logs/G30/G30-seed2.log,ebb901fc41758ae72fd48d9b4a2254366472694b766a376375fc406147c2f4be,a1fe186fcad7ec657d7ac4fe3ba2a3258f64205484498aff37d724a3eb13d15f,6232,195,2,6035,21,10,83.02146395156852,82.82179976113245,0.8302,0.8282,3634,True,ok,3221226505
G30-seed3,G30,CMU-MOSEI,MMGCN+AMBER,"(0.7,0.5,0.3)",seed3,run_logs/G30/G30-seed3.log,c37749346a640826771d5b39b60437570eee5edf6feeabbfeffad95e8b06c48b,80eafc84b787da718763efaecbacfdc686c340699ee5961a95125c61bdf296ad,4773,155,2,4616,16,5,82.47110621904238,82.45082855919658,0.8247,0.8245,3634,True,ok,3221226505
G30-seed4,G30,CMU-MOSEI,MMGCN+AMBER,"(0.7,0.5,0.3)",seed4,run_logs/G30/G30-seed4.log,f2e22d4795ac864c1e3a00f7bad9c55f31601e5f6ac85b3aeed05b9d6d46ccfd,28be3e10de83caab8a2d102402fffb6c219f7c2c0cd8b79bb42a47780546022a,5064,163,2,4899,17,6,83.26912493120528,83.12340379253746,0.8327,0.8312,3634,True,ok,3221226505
G30-seed5,G30,CMU-MOSEI,MMGCN+AMBER,"(0.7,0.5,0.3)",seed5,run_logs/G30/G30-seed5.log,c98a1a62e764762b6c8ff7398f9be6533bca972e787f79ff37b16523a8c0aba1,2979be170fba8ed4ad66d81315794b45db7facb7997e99d39b3a353953e27464,5065,163,2,4900,17,6,83.15905338470006,82.80301157449988,0.8316,0.828,3634,True,ok,3221226505
G31-seed1,G31,CMU-MOSEI,MM-DFN+AMBER,"(0.3,0.5,0.7)",seed1,run_logs/G31/G31-seed1.log,f8a0d950cabc02d10e17cbfbc571109b223feef22002e5bab09e3bb910116b16,203c1c90a7d83a884120967536237cc0a9f490b66b5cfc84c943593239db8024,5659,179,2,5478,19,8,82.9389102916896,82.7903130779165,0.8294,0.8279,3634,True,ok,3221226505
G31-seed2,G31,CMU-MOSEI,MM-DFN+AMBER,"(0.3,0.5,0.7)",seed2,run_logs/G31/G31-seed2.log,3f6bf61b75d7a3cb7f0450d226c0c0c18160a0b55c001a6171280af341d49661,8cee06e53031371475082227f149397a404d032499cb464e70b5b53820476e3a,5367,171,2,5194,18,7,82.44358833241607,82.47205494052804,0.8244,0.8247,3634,True,ok,3221226505
G31-seed3,G31,CMU-MOSEI,MM-DFN+AMBER,"(0.3,0.5,0.7)",seed3,run_logs/G31/G31-seed3.log,c17c12b5ddbdb9fc580571c39520ce17fce08c21a8dc5e4e03af1aae496d5d66,738bd5930102a1f3d4de44f773c474cb21f2c7168973073de41dfe1a878a05a9,5659,179,2,5478,19,8,82.9389102916896,82.93371699078614,0.8294,0.8293,3634,True,ok,3221226505
G31-seed4,G31,CMU-MOSEI,MM-DFN+AMBER,"(0.3,0.5,0.7)",seed4,run_logs/G31/G31-seed4.log,3591caaba66029e7d511187e602e76183a5e24c0fa631b5adf5efa1add067135,459c7b55cdab1cbd1e4b9af73bc36a8176fddea9b9461a3fe5629f9a0a118d6f,7996,243,2,7751,27,16,82.82883874518437,82.75393033324255,0.8283,0.8275,3634,True,ok,3221226505
G31-seed5,G31,CMU-MOSEI,MM-DFN+AMBER,"(0.3,0.5,0.7)",seed5,run_logs/G31/G31-seed5.log,74be0e398d7eea046d05529961836215a64894515ddd19f9fbd9f232ebc4a7e3,a67838aa0b39530a1758f0628f4d46f4c2cd7386b8dd673bd3daade7b119eb28,6827,211,2,6614,23,12,82.6086956521739,82.64676668876949,0.8261,0.8265,3634,True,ok,3221226505
G32-seed1,G32,CMU-MOSEI,MM-DFN+AMBER,"(0.3,0.7,0.5)",seed1,run_logs/G32/G32-seed1.log,91019d084602bba9107ed7aa90bd799b4867af22ea4b527bb47469afceafd9f0,fbbccaf399f1cf16abbc38bc000ee3a759c810d8013f516f01ca284e9bd30d78,4200,139,2,4059,14,3,79.63676389653274,79.33995773192196,0.7964,0.7934,3634,True,ok,3221226505
G32-seed2,G32,CMU-MOSEI,MM-DFN+AMBER,"(0.3,0.7,0.5)",seed2,run_logs/G32/G32-seed2.log,2fc7992ed1370d762f2cdc3921c34a1f00175fbb42e1bdcf6d830d0be3e53571,cbaaceb8a77a4e903bc6356453d49bbd4cb010fb34a3892ca347cb0b110e6fc6,5367,171,2,5194,18,7,79.60924600990644,79.32721860286719,0.7961,0.7933,3634,True,ok,3221226505
G32-seed3,G32,CMU-MOSEI,MM-DFN+AMBER,"(0.3,0.7,0.5)",seed3,run_logs/G32/G32-seed3.log,9bbf5465b3982bd2065cf298a3de16acb0a9e427e345c7fb12b95f393f5ab488,a46bd0227ec423bfbd83cd419b3f941203abb6b236b8318337b3d64b43b0a2c5,5367,171,2,5194,18,7,79.93946064942212,79.49847350704935,0.7994,0.795,3634,True,ok,3221226505
G32-seed4,G32,CMU-MOSEI,MM-DFN+AMBER,"(0.3,0.7,0.5)",seed4,run_logs/G32/G32-seed4.log,4d8fcf6c32be04309ba4de71922a2b86e3a07718bef6f6b614e016217bb7ac0a,105d19733e1de72734edcc4c6afeb1a7dc619e5e1954945af8da7b97a2bd3727,5076,163,2,4911,17,6,80.10456796917997,79.82095270276646,0.801,0.7982,3634,True,ok,3221226505
G32-seed5,G32,CMU-MOSEI,MM-DFN+AMBER,"(0.3,0.7,0.5)",seed5,run_logs/G32/G32-seed5.log,9c019e91d181a5dfb1c26e1ba1e897ba1f5a3a8cf8cee75136433d7bd2ecb5e0,3e620a0571a0d99b92b355606ef6a4eab1a1e60abb904d79b2853a984765a02e,5075,163,2,4910,17,6,79.82938910291689,79.47097858336119,0.7983,0.7947,3634,True,ok,3221226505
G33-seed1,G33,CMU-MOSEI,MM-DFN+AMBER,"(0.5,0.3,0.7)",seed1,run_logs/G33/G33-seed1.log,2f262687d0e9d292d02cf193058545683d5b3b6f3588c527c5128e407d4f2a66,8dfc08f5b750ed6106b2bc2aa4cf23b825b15566a54edae1b5fd9e32b19c30eb,7411,227,2,7182,25,14,84.81012658227847,84.64827306265353,0.8481,0.8465,3634,True,ok,3221226505
G33-seed2,G33,CMU-MOSEI,MM-DFN+AMBER,"(0.5,0.3,0.7)",seed2,run_logs/G33/G33-seed2.log,8804675518cda185d8e7acec37365124be5f441641008d68fe778e0cb7b0ebd0,387e5af09ce45795d84582e91002d07cca86ca6e785e612de8d1e814c7136121,6243,195,2,6046,21,10,84.75509080902587,84.7116868303609,0.8476,0.8471,3634,True,ok,3221226505
G33-seed3,G33,CMU-MOSEI,MM-DFN+AMBER,"(0.5,0.3,0.7)",seed3,run_logs/G33/G33-seed3.log,2a99cd48067e5e23da5918a7ba25bce3b4330d4e76217dab3d81466217948749,03a30a534dab727be1c95cd223021e19b47dc24d94c5e484ecc04c6c0b6746d6,7995,243,2,7750,27,16,84.8926802421574,84.87757064816694,0.8489,0.8488,3634,True,ok,3221226505
G33-seed4,G33,CMU-MOSEI,MM-DFN+AMBER,"(0.5,0.3,0.7)",seed4,run_logs/G33/G33-seed4.log,8e04d9c770737948baa330548e46165b2e1a0b4b4917777bc25476bab44c35f1,c823950d3bd6a3e6a85a8de86d4901fa565a73b31a2c3e3bb1e46c3c600f9a33,6243,195,2,6046,21,10,84.8651623555311,84.84407634611591,0.8487,0.8484,3634,True,ok,3221226505
G33-seed5,G33,CMU-MOSEI,MM-DFN+AMBER,"(0.5,0.3,0.7)",seed5,run_logs/G33/G33-seed5.log,f46c1b07aa51198c137cab0afab680b1f1851b4241db4ada20583b1d71c6bc8d,bf25c7d55dce5997823a4094514e1409b4c28bb346728e691635d3350e54e66e,7703,235,2,7466,26,15,84.72757292239956,84.54174547375969,0.8473,0.8454,3634,True,ok,3221226505
G34-seed1,G34,CMU-MOSEI,MM-DFN+AMBER,"(0.5,0.7,0.3)",seed1,run_logs/G34/G34-seed1.log,befb2e79e731c50c8da7f5be7817ecb2d64d20b31a67685500ade9b30499eb74,52c989104639394fa1ee287f20407b166239baa3f23a72df8d2c57f430904f01,6828,211,2,6615,23,12,79.71931755641167,79.56746045866839,0.7972,0.7957,3634,True,ok,3221226505
G34-seed2,G34,CMU-MOSEI,MM-DFN+AMBER,"(0.5,0.7,0.3)",seed2,run_logs/G34/G34-seed2.log,f6b84d5763e177d9423e78fdc0249af74deb07ad0b6d96782fa8e7872a402fa7,fa746cd1dc23e3253aac4bdac4e76327cc8931b0616b269474d28cd21caf22f6,5367,171,2,5194,18,7,80.21463951568519,79.52934343767487,0.8021,0.7953,3634,True,ok,3221226505
G34-seed3,G34,CMU-MOSEI,MM-DFN+AMBER,"(0.5,0.7,0.3)",seed3,run_logs/G34/G34-seed3.log,f4a10ae21b2ed3cec98026499e3d0d98438242f4fa9cecb01aa380a01bb61fa4,a456eff9a95d26b48f39dcfc76b1e7a9ee8404d66c1e0e665a237eb60782c866,5367,171,2,5194,18,7,79.63676389653274,79.5548962893606,0.7964,0.7955,3634,True,ok,3221226505
G34-seed4,G34,CMU-MOSEI,MM-DFN+AMBER,"(0.5,0.7,0.3)",seed4,run_logs/G34/G34-seed4.log,264a5c2710bae989ba72315740bd89b9aaca67f27a5b02e5d19de162087f450a,80de7850141a1a9e76a7501380ed39772570e86a00ea272c561789eb1db8ae64,6243,195,2,6046,21,10,79.69179966978535,79.48743334662775,0.7969,0.7949,3634,True,ok,3221226505
G34-seed5,G34,CMU-MOSEI,MM-DFN+AMBER,"(0.5,0.7,0.3)",seed5,run_logs/G34/G34-seed5.log,a8d0b3122ea36b20991e1fc1facffe5b0f66b16a4359710063647feb0774ca6b,f2952177491472abb757fe36798b3b8fea84273959e4216af5b8a6dee228a765,7411,227,2,7182,25,14,79.8569069895432,79.62614461320237,0.7986,0.7963,3634,True,ok,3221226505
G35-seed1,G35,CMU-MOSEI,MM-DFN+AMBER,"(0.7,0.3,0.5)",seed1,run_logs/G35/G35-seed1.log,c48e6cfcf04290c50e393049990afc009a7555844016b6b1e5789227cfad1c2d,f15dfbcac789212187b14d5966bef68403f273f28095fd7a0f177c44acdb2d4d,6536,203,2,6331,22,11,84.70005503577325,84.6091732181421,0.847,0.8461,3634,True,ok,3221226505
G35-seed2,G35,CMU-MOSEI,MM-DFN+AMBER,"(0.7,0.3,0.5)",seed2,run_logs/G35/G35-seed2.log,123501482ca910019cc7e5ddccdf1ab05d02d9aeacf974c6c7a55d9b26be7b88,b9f7a035d07f6135bb08a0054ce2b08a96439ea8e45694a44e63cddd6e00cc28,5659,179,2,5478,19,8,85.05778756191525,84.89708782940556,0.8506,0.849,3634,True,ok,3221226505
G35-seed3,G35,CMU-MOSEI,MM-DFN+AMBER,"(0.7,0.3,0.5)",seed3,run_logs/G35/G35-seed3.log,a3b38a3bd54a43117847821e57b140bd49f91465a51e97f347b7c3ed664f4e4f,48a203a33f732b284096ec78cdf1a3882e5941d6ba5d284f22bc01726775d6b9,4784,155,2,4627,16,5,84.97523390203632,84.81811723139526,0.8498,0.8482,3634,True,ok,3221226505
G35-seed4,G35,CMU-MOSEI,MM-DFN+AMBER,"(0.7,0.3,0.5)",seed4,run_logs/G35/G35-seed4.log,d5f1670ed3428563c422eca98eda252453ab03617dd3c2bcee5b3e838d565d43,546308fa35b70f59212ca298bd1fdfba6875ef2993b01914b23b72111f5ef049,6535,203,2,6330,22,11,84.70005503577325,84.64114310263935,0.847,0.8464,3634,True,ok,3221226505
G35-seed5,G35,CMU-MOSEI,MM-DFN+AMBER,"(0.7,0.3,0.5)",seed5,run_logs/G35/G35-seed5.log,1725c51fbf9a2aab1fa85b49dce4eaf9b5356cc716d5626df0de0e724b6b3c51,8f191e78093c5e4a1d27102c86a1c0f635a497b455ee166b843556a6c8e5c0fa,4491,147,2,4342,15,4,85.38800220143094,85.28398672513318,0.8539,0.8528,3634,True,ok,3221226505
G36-seed1,G36,CMU-MOSEI,MM-DFN+AMBER,"(0.7,0.5,0.3)",seed1,run_logs/G36/G36-seed1.log,df6a0086a07d0d3eeb70893761f382c1578740d0c0e1835a68ec1b51c9feda1c,8cbb3f3b1c501c8a8b960ee1f8042e337fde99f1fd0e8111d73ec7482280d827,7411,227,2,7182,25,14,82.27848101265823,82.18577721982109,0.8228,0.8219,3634,True,ok,3221226505
G36-seed2,G36,CMU-MOSEI,MM-DFN+AMBER,"(0.7,0.5,0.3)",seed2,run_logs/G36/G36-seed2.log,b98231621cd9cd3874327d5d775a110504b1a0c161bfc5a1926c548236eff69d,c848539f8755f0df4da5b5af3938e3e4b09d9af3e1dadbaa9c0017078a81da61,5951,187,2,5762,20,9,82.19592735277931,82.21837346556603,0.822,0.8222,3634,True,ok,3221226505
G36-seed3,G36,CMU-MOSEI,MM-DFN+AMBER,"(0.7,0.5,0.3)",seed3,run_logs/G36/G36-seed3.log,bca57a4f074e1bfa40eb92101d741c06fcc2ece45d4ae6966a9e1588f51b8be3,debad7a171a3a7f9f72bb81dfeab6d7f84d1e381c0ac19052e1c1ddbd7bbef2d,4784,155,2,4627,16,5,82.85635663181068,82.64071543958673,0.8286,0.8264,3634,True,ok,3221226505
G36-seed4,G36,CMU-MOSEI,MM-DFN+AMBER,"(0.7,0.5,0.3)",seed4,run_logs/G36/G36-seed4.log,2e3bdb060226a668a9773db6316076497fe6384a9ee47feb0254f36bac6f3627,2f3f7bf87edd062fb8d2b569db105313d41009abb4b20e6aaec6866ade21b3d9,5075,163,2,4910,17,6,83.81948266373142,83.66924653719529,0.8382,0.8367,3634,True,ok,3221226505
G36-seed5,G36,CMU-MOSEI,MM-DFN+AMBER,"(0.7,0.5,0.3)",seed5,run_logs/G36/G36-seed5.log,1b63cb0b4c87801d7ae943f01c7e23ce972539277b18d981c349235481cfebdf,bfaca22d24c2c13896cc1bca21bd8f3c5a503af82531be302ddf759e1841cb26,4491,147,2,4342,15,4,83.13153549807375,82.68483652048351,0.8313,0.8268,3634,True,ok,3221226505
