run_id,group_id,dataset,model,imr,seed_alias,acc_pct,wf1_pct,recorded_best_epoch,recorded_dev_wf1_pct,source_status,process_return_code,nonzero_exit,log_available,log_metrics_match,evidence_id
G01-seed1,G01,IEMOCAP,GCNet+AMBER,"(0.3,0.5,0.7)",seed1,62.90819470117067,62.900252311386915,124,53.547924827048845,ok,3221226505,True,True,True,G01-seed1-E
G01-seed2,G01,IEMOCAP,GCNet+AMBER,"(0.3,0.5,0.7)",seed2,61.552680221811464,61.72908724595304,139,52.91351602955834,ok,3221226505,True,True,True,G01-seed2-E
G01-seed3,G01,IEMOCAP,GCNet+AMBER,"(0.3,0.5,0.7)",seed3,60.81330868761553,60.4727998243652,27,45.600080167508224,ok,3221226505,True,True,True,G01-seed3-E
G01-seed4,G01,IEMOCAP,GCNet+AMBER,"(0.3,0.5,0.7)",seed4,60.998151571164506,60.72427873287586,75,47.24048583637335,ok,3221226505,True,True,True,G01-seed4-E
G01-seed5,G01,IEMOCAP,GCNet+AMBER,"(0.3,0.5,0.7)",seed5,62.969808995687,62.5947425424381,36,45.98141680146729,ok,3221226505,True,True,True,G01-seed5-E
G02-seed1,G02,IEMOCAP,GCNet+AMBER,"(0.3,0.7,0.5)",seed1,60.69008009858287,59.69016487172515,149,47.08974754383489,ok,3221226505,True,True,True,G02-seed1-E
G02-seed2,G02,IEMOCAP,GCNet+AMBER,"(0.3,0.7,0.5)",seed2,59.58102279728897,59.09598980689037,57,44.967008203327964,ok,3221226505,True,True,True,G02-seed2-E
G02-seed3,G02,IEMOCAP,GCNet+AMBER,"(0.3,0.7,0.5)",seed3,58.9648798521257,58.63503508709877,46,43.4877836153309,ok,3221226505,True,True,True,G02-seed3-E
G02-seed4,G02,IEMOCAP,GCNet+AMBER,"(0.3,0.7,0.5)",seed4,59.950708564386936,59.73560189596573,61,44.4180168662819,ok,3221226505,True,True,True,G02-seed4-E
G02-seed5,G02,IEMOCAP,GCNet+AMBER,"(0.3,0.7,0.5)",seed5,60.44362292051756,58.84364297329303,126,48.23297907617685,ok,3221226505,True,True,True,G02-seed5-E
G03-seed1,G03,IEMOCAP,GCNet+AMBER,"(0.5,0.3,0.7)",seed1,65.37276648182379,65.12579189402835,133,57.06792625809436,ok,3221226505,True,True,True,G03-seed1-E
G03-seed2,G03,IEMOCAP,GCNet+AMBER,"(0.5,0.3,0.7)",seed2,63.4011090573013,62.24017670007229,137,58.125497991098705,ok,3221226505,True,True,True,G03-seed2-E
G03-seed3,G03,IEMOCAP,GCNet+AMBER,"(0.5,0.3,0.7)",seed3,64.57178065311152,64.41063729742898,143,57.86439604552089,ok,3221226505,True,True,True,G03-seed3-E
G03-seed4,G03,IEMOCAP,GCNet+AMBER,"(0.5,0.3,0.7)",seed4,65.06469500924214,64.73328334883675,137,54.28262412623903,ok,3221226505,True,True,True,G03-seed4-E
G03-seed5,G03,IEMOCAP,GCNet+AMBER,"(0.5,0.3,0.7)",seed5,67.4060382008626,66.89549601559347,128,54.606871569175,ok,3221226505,True,True,True,G03-seed5-E
G04-seed1,G04,IEMOCAP,GCNet+AMBER,"(0.5,0.7,0.3)",seed1,62.04559457794209,61.771043762165114,47,45.55383738009066,ok,3221226505,True,True,True,G04-seed1-E
G04-seed2,G04,IEMOCAP,GCNet+AMBER,"(0.5,0.7,0.3)",seed2,60.7516943930992,60.31744104111152,77,46.274360682845526,ok,3221226505,True,True,True,G04-seed2-E
G04-seed3,G04,IEMOCAP,GCNet+AMBER,"(0.5,0.7,0.3)",seed3,59.76586568083796,59.547989273970934,40,48.98927708194684,ok,3221226505,True,True,True,G04-seed3-E
G04-seed4,G04,IEMOCAP,GCNet+AMBER,"(0.5,0.7,0.3)",seed4,60.62846580406654,59.69817371584823,42,44.75643708040536,ok,3221226505,True,True,True,G04-seed4-E
G04-seed5,G04,IEMOCAP,GCNet+AMBER,"(0.5,0.7,0.3)",seed5,59.70425138632163,59.74651777815537,117,48.345181694083344,ok,3221226505,True,True,True,G04-seed5-E
G05-seed1,G05,IEMOCAP,GCNet+AMBER,"(0.7,0.3,0.5)",seed1,65.61922365988909,65.18027003258678,142,55.23741452227101,ok,3221226505,True,True,True,G05-seed1-E
G05-seed2,G05,IEMOCAP,GCNet+AMBER,"(0.7,0.3,0.5)",seed2,64.9414664202095,64.5489907507088,132,54.20005527778504,ok,3221226505,True,True,True,G05-seed2-E
G05-seed3,G05,IEMOCAP,GCNet+AMBER,"(0.7,0.3,0.5)",seed3,63.95563770794824,63.671956815550814,128,54.91703640772759,ok,3221226505,True,True,True,G05-seed3-E
G05-seed4,G05,IEMOCAP,GCNet+AMBER,"(0.7,0.3,0.5)",seed4,66.29698089956871,65.74536286035195,149,54.39700835918417,ok,3221226505,True,True,True,G05-seed4-E
G05-seed5,G05,IEMOCAP,GCNet+AMBER,"(0.7,0.3,0.5)",seed5,65.92729513247073,65.35054465215501,149,53.02387288234335,ok,3221226505,True,True,True,G05-seed5-E
G06-seed1,G06,IEMOCAP,GCNet+AMBER,"(0.7,0.5,0.3)",seed1,62.292051756007396,61.52242157536156,54,47.801280810676225,ok,3221226505,True,True,True,G06-seed1-E
G06-seed2,G06,IEMOCAP,GCNet+AMBER,"(0.7,0.5,0.3)",seed2,62.78496611213802,62.155141096846776,57,52.41074708828398,ok,3221226505,True,True,True,G06-seed2-E
G06-seed3,G06,IEMOCAP,GCNet+AMBER,"(0.7,0.5,0.3)",seed3,61.737523105360445,61.56507489545477,48,50.815463437997785,ok,3221226505,True,True,True,G06-seed3-E
G06-seed4,G06,IEMOCAP,GCNet+AMBER,"(0.7,0.5,0.3)",seed4,62.90819470117067,62.292886578386394,106,47.93671692494776,ok,3221226505,True,True,True,G06-seed4-E
G06-seed5,G06,IEMOCAP,GCNet+AMBER,"(0.7,0.5,0.3)",seed5,62.16882316697474,61.79080764962729,112,51.81745471473354,ok,3221226505,True,True,True,G06-seed5-E
G07-seed1,G07,IEMOCAP,MMGCN+AMBER,"(0.3,0.5,0.7)",seed1,65.06469500924214,64.81712373565762,62,58.01685922776857,ok,3221226505,True,True,True,G07-seed1-E
G07-seed2,G07,IEMOCAP,MMGCN+AMBER,"(0.3,0.5,0.7)",seed2,66.78989525569932,66.51814678624355,58,62.58580735982834,ok,3221226505,True,True,True,G07-seed2-E
G07-seed3,G07,IEMOCAP,MMGCN+AMBER,"(0.3,0.5,0.7)",seed3,63.52433764633395,63.39431758976548,59,64.37919919850563,ok,3221226505,True,True,True,G07-seed3-E
G07-seed4,G07,IEMOCAP,MMGCN+AMBER,"(0.3,0.5,0.7)",seed4,64.01725200246457,63.74845667518756,40,67.04653717338448,ok,3221226505,True,True,True,G07-seed4-E
G07-seed5,G07,IEMOCAP,MMGCN+AMBER,"(0.3,0.5,0.7)",seed5,63.83240911891559,64.04290615948695,43,62.81530595442509,ok,3221226505,True,True,True,G07-seed5-E
G08-seed1,G08,IEMOCAP,MMGCN+AMBER,"(0.3,0.7,0.5)",seed1,63.52433764633395,63.34504397008971,46,53.623563000939534,ok,3221226505,True,True,True,G08-seed1-E
G08-seed2,G08,IEMOCAP,MMGCN+AMBER,"(0.3,0.7,0.5)",seed2,62.230437461491064,61.98950027767432,73,59.190023155979446,ok,3221226505,True,True,True,G08-seed2-E
G08-seed3,G08,IEMOCAP,MMGCN+AMBER,"(0.3,0.7,0.5)",seed3,62.72335181762168,62.6247577899922,51,63.61529366843999,ok,3221226505,True,True,True,G08-seed3-E
G08-seed4,G08,IEMOCAP,MMGCN+AMBER,"(0.3,0.7,0.5)",seed4,63.709180529882936,62.89025481617221,35,60.70205328418711,ok,3221226505,True,True,True,G08-seed4-E
G08-seed5,G08,IEMOCAP,MMGCN+AMBER,"(0.3,0.7,0.5)",seed5,63.21626617375231,62.80745726556749,47,65.55019075072013,ok,3221226505,True,True,True,G08-seed5-E
G09-seed1,G09,IEMOCAP,MMGCN+AMBER,"(0.5,0.3,0.7)",seed1,65.68083795440542,65.4748540115977,41,58.855874772407425,ok,3221226505,True,True,True,G09-seed1-E
G09-seed2,G09,IEMOCAP,MMGCN+AMBER,"(0.5,0.3,0.7)",seed2,64.87985212569316,64.99125704936449,55,64.18292726552279,ok,3221226505,True,True,True,G09-seed2-E
G09-seed3,G09,IEMOCAP,MMGCN+AMBER,"(0.5,0.3,0.7)",seed3,66.11213801601971,65.88218947206008,36,64.75740262966583,ok,3221226505,True,True,True,G09-seed3-E
G09-seed4,G09,IEMOCAP,MMGCN+AMBER,"(0.5,0.3,0.7)",seed4,64.9414664202095,64.56792910890327,30,66.82374260946163,ok,3221226505,True,True,True,G09-seed4-E
G09-seed5,G09,IEMOCAP,MMGCN+AMBER,"(0.5,0.3,0.7)",seed5,65.4343807763401,65.33613837000537,34,64.11079169086148,ok,3221226505,True,True,True,G09-seed5-E
G10-seed1,G10,IEMOCAP,MMGCN+AMBER,"(0.5,0.7,0.3)",seed1,63.462723351817615,62.91498868971429,70,51.395033164328794,ok,3221226505,True,True,True,G10-seed1-E
G10-seed2,G10,IEMOCAP,MMGCN+AMBER,"(0.5,0.7,0.3)",seed2,63.09303758471966,62.78322398827252,55,54.273922969789915,ok,3221226505,True,True,True,G10-seed2-E
G10-seed3,G10,IEMOCAP,MMGCN+AMBER,"(0.5,0.7,0.3)",seed3,62.04559457794209,61.57208173991149,44,56.43391936755796,ok,3221226505,True,True,True,G10-seed3-E
G10-seed4,G10,IEMOCAP,MMGCN+AMBER,"(0.5,0.7,0.3)",seed4,62.35366605052373,62.205533479341376,58,59.219218938886954,ok,3221226505,True,True,True,G10-seed4-E
G10-seed5,G10,IEMOCAP,MMGCN+AMBER,"(0.5,0.7,0.3)",seed5,63.95563770794824,63.935483313853815,44,51.720359238077364,ok,3221226505,True,True,True,G10-seed5-E
G11-seed1,G11,IEMOCAP,MMGCN+AMBER,"(0.7,0.3,0.5)",seed1,65.92729513247073,65.75720554601101,46,60.3096269115055,ok,3221226505,True,True,True,G11-seed1-E
G11-seed2,G11,IEMOCAP,MMGCN+AMBER,"(0.7,0.3,0.5)",seed2,62.90819470117067,63.092991419708476,85,63.97823987574897,ok,3221226505,True,True,True,G11-seed2-E
G11-seed3,G11,IEMOCAP,MMGCN+AMBER,"(0.7,0.3,0.5)",seed3,63.15465187923598,62.70384714463073,45,65.14874321537376,ok,3221226505,True,True,True,G11-seed3-E
G11-seed4,G11,IEMOCAP,MMGCN+AMBER,"(0.7,0.3,0.5)",seed4,65.68083795440542,65.2677348069507,41,64.5355038523093,ok,3221226505,True,True,True,G11-seed4-E
G11-seed5,G11,IEMOCAP,MMGCN+AMBER,"(0.7,0.3,0.5)",seed5,62.600123228589034,62.60456362615301,40,58.245721257547466,ok,3221226505,True,True,True,G11-seed5-E
G12-seed1,G12,IEMOCAP,MMGCN+AMBER,"(0.7,0.5,0.3)",seed1,64.20209488601355,63.6810072848093,50,56.97963794546889,ok,3221226505,True,True,True,G12-seed1-E
G12-seed2,G12,IEMOCAP,MMGCN+AMBER,"(0.7,0.5,0.3)",seed2,62.10720887245841,62.262159792703365,58,61.35801334183842,ok,3221226505,True,True,True,G12-seed2-E
G12-seed3,G12,IEMOCAP,MMGCN+AMBER,"(0.7,0.5,0.3)",seed3,62.78496611213802,62.32082037156045,32,61.00917499068027,ok,3221226505,True,True,True,G12-seed3-E
G12-seed4,G12,IEMOCAP,MMGCN+AMBER,"(0.7,0.5,0.3)",seed4,63.647566235366604,63.54087936246538,39,64.457873170206,ok,3221226505,True,True,True,G12-seed4-E
G12-seed5,G12,IEMOCAP,MMGCN+AMBER,"(0.7,0.5,0.3)",seed5,62.90819470117067,62.21687494207959,42,60.186284354610244,ok,3221226505,True,True,True,G12-seed5-E
G13-seed1,G13,IEMOCAP,MM-DFN+AMBER,"(0.3,0.5,0.7)",seed1,67.28280961182995,66.92545452198331,29,65.99830387620658,ok,3221226505,True,True,True,G13-seed1-E
G13-seed2,G13,IEMOCAP,MM-DFN+AMBER,"(0.3,0.5,0.7)",seed2,67.34442390634628,67.03142756721184,35,68.32171631989884,ok,3221226505,True,True,True,G13-seed2-E
G13-seed3,G13,IEMOCAP,MM-DFN+AMBER,"(0.3,0.5,0.7)",seed3,68.57670979667283,67.91813069774959,19,67.18810740924437,ok,3221226505,True,True,True,G13-seed3-E
G13-seed4,G13,IEMOCAP,MM-DFN+AMBER,"(0.3,0.5,0.7)",seed4,66.60505237215034,66.35558019568307,19,71.32142848345943,ok,3221226505,True,True,True,G13-seed4-E
G13-seed5,G13,IEMOCAP,MM-DFN+AMBER,"(0.3,0.5,0.7)",seed5,67.34442390634628,66.88653618642803,18,69.5075988686704,ok,3221226505,True,True,True,G13-seed5-E
G14-seed1,G14,IEMOCAP,MM-DFN+AMBER,"(0.3,0.7,0.5)",seed1,66.05052372150338,65.55915424190374,44,64.10397797796327,ok,3221226505,True,True,True,G14-seed1-E
G14-seed2,G14,IEMOCAP,MM-DFN+AMBER,"(0.3,0.7,0.5)",seed2,64.20209488601355,63.4921260365921,33,59.2695595452605,ok,3221226505,True,True,True,G14-seed2-E
G14-seed3,G14,IEMOCAP,MM-DFN+AMBER,"(0.3,0.7,0.5)",seed3,64.75662353666051,64.4648494293088,20,63.045660839675385,ok,3221226505,True,True,True,G14-seed3-E
G14-seed4,G14,IEMOCAP,MM-DFN+AMBER,"(0.3,0.7,0.5)",seed4,65.86568083795441,65.25589134337142,17,69.77110064362738,ok,3221226505,True,True,True,G14-seed4-E
G14-seed5,G14,IEMOCAP,MM-DFN+AMBER,"(0.3,0.7,0.5)",seed5,64.14048059149722,63.29875090817909,50,68.96388608996438,ok,3221226505,True,True,True,G14-seed5-E
G15-seed1,G15,IEMOCAP,MM-DFN+AMBER,"(0.5,0.3,0.7)",seed1,68.02218114602587,67.75203317053749,21,68.62677272398379,ok,3221226505,True,True,True,G15-seed1-E
G15-seed2,G15,IEMOCAP,MM-DFN+AMBER,"(0.5,0.3,0.7)",seed2,67.52926678989526,67.15352225951497,17,72.61170966595422,ok,3221226505,True,True,True,G15-seed2-E
G15-seed3,G15,IEMOCAP,MM-DFN+AMBER,"(0.5,0.3,0.7)",seed3,68.82316697473814,68.21791779533261,20,67.82306880024187,ok,3221226505,True,True,True,G15-seed3-E
G15-seed4,G15,IEMOCAP,MM-DFN+AMBER,"(0.5,0.3,0.7)",seed4,69.37769562538509,69.37554126835803,18,69.01519302487945,ok,3221226505,True,True,True,G15-seed4-E
G15-seed5,G15,IEMOCAP,MM-DFN+AMBER,"(0.5,0.3,0.7)",seed5,68.39186691312385,68.08306319721152,17,65.5815519609025,ok,3221226505,True,True,True,G15-seed5-E
G16-seed1,G16,IEMOCAP,MM-DFN+AMBER,"(0.5,0.7,0.3)",seed1,65.68083795440542,64.87022739564956,18,63.34311425688429,ok,3221226505,True,True,True,G16-seed1-E
G16-seed2,G16,IEMOCAP,MM-DFN+AMBER,"(0.5,0.7,0.3)",seed2,64.32532347504622,63.826397614441724,21,59.78252837477447,ok,3221226505,True,True,True,G16-seed2-E
G16-seed3,G16,IEMOCAP,MM-DFN+AMBER,"(0.5,0.7,0.3)",seed3,64.51016635859519,63.73762385637149,19,69.03498010962788,ok,3221226505,True,True,True,G16-seed3-E
G16-seed4,G16,IEMOCAP,MM-DFN+AMBER,"(0.5,0.7,0.3)",seed4,65.06469500924214,64.51933679581443,22,62.38571480354126,ok,3221226505,True,True,True,G16-seed4-E
G16-seed5,G16,IEMOCAP,MM-DFN+AMBER,"(0.5,0.7,0.3)",seed5,63.709180529882936,63.363426407585486,26,59.76554533123459,ok,3221226505,True,True,True,G16-seed5-E
G17-seed1,G17,IEMOCAP,MM-DFN+AMBER,"(0.7,0.3,0.5)",seed1,68.0837954405422,67.97248348993719,21,66.44793384306884,ok,3221226505,True,True,True,G17-seed1-E
G17-seed2,G17,IEMOCAP,MM-DFN+AMBER,"(0.7,0.3,0.5)",seed2,68.63832409118915,68.2688763846233,21,66.49951673568482,ok,3221226505,True,True,True,G17-seed2-E
G17-seed3,G17,IEMOCAP,MM-DFN+AMBER,"(0.7,0.3,0.5)",seed3,67.15958102279728,66.8624492442589,11,69.09740819967452,ok,3221226505,True,True,True,G17-seed3-E
G17-seed4,G17,IEMOCAP,MM-DFN+AMBER,"(0.7,0.3,0.5)",seed4,67.15958102279728,67.10345351671776,17,61.80805721630176,ok,3221226505,True,True,True,G17-seed4-E
G17-seed5,G17,IEMOCAP,MM-DFN+AMBER,"(0.7,0.3,0.5)",seed5,67.22119531731362,66.8231590947111,29,67.8367125462413,ok,3221226505,True,True,True,G17-seed5-E
G18-seed1,G18,IEMOCAP,MM-DFN+AMBER,"(0.7,0.5,0.3)",seed1,66.66666666666666,65.96822567271182,21,65.84376267217004,ok,3221226505,True,True,True,G18-seed1-E
G18-seed2,G18,IEMOCAP,MM-DFN+AMBER,"(0.7,0.5,0.3)",seed2,66.29698089956871,66.22434969869082,14,64.08862756432443,ok,3221226505,True,True,True,G18-seed2-E
G18-seed3,G18,IEMOCAP,MM-DFN+AMBER,"(0.7,0.5,0.3)",seed3,65.55760936537277,65.56929771386022,17,64.11854068827769,ok,3221226505,True,True,True,G18-seed3-E
G18-seed4,G18,IEMOCAP,MM-DFN+AMBER,"(0.7,0.5,0.3)",seed4,66.66666666666666,65.83444130190134,17,71.23071054158005,ok,3221226505,True,True,True,G18-seed4-E
G18-seed5,G18,IEMOCAP,MM-DFN+AMBER,"(0.7,0.5,0.3)",seed5,67.28280961182995,66.10794186500078,27,60.20048072424638,ok,3221226505,True,True,True,G18-seed5-E
G19-seed1,G19,CMU-MOSEI,GCNet+AMBER,"(0.3,0.5,0.7)",seed1,82.00330214639516,81.72936007557827,13,82.27220391136802,ok,3221226505,True,True,True,G19-seed1-E
G19-seed2,G19,CMU-MOSEI,GCNet+AMBER,"(0.3,0.5,0.7)",seed2,81.7556411667584,81.39365752840372,14,82.44709678143771,ok,3221226505,True,True,True,G19-seed2-E
G19-seed3,G19,CMU-MOSEI,GCNet+AMBER,"(0.3,0.5,0.7)",seed3,82.11337369290038,81.96437509557731,17,82.79385987976508,ok,3221226505,True,True,True,G19-seed3-E
G19-seed4,G19,CMU-MOSEI,GCNet+AMBER,"(0.3,0.5,0.7)",seed4,81.50798018712163,81.51355428983244,16,81.65170780922881,ok,3221226505,True,True,True,G19-seed4-E
G19-seed5,G19,CMU-MOSEI,GCNet+AMBER,"(0.3,0.5,0.7)",seed5,81.452944413869,81.38152958845131,26,80.78023081491268,ok,3221226505,True,True,True,G19-seed5-E
G20-seed1,G20,CMU-MOSEI,GCNet+AMBER,"(0.3,0.7,0.5)",seed1,79.38910291689598,79.29385916288727,21,78.2640614975686,ok,3221226505,True,True,True,G20-seed1-E
G20-seed2,G20,CMU-MOSEI,GCNet+AMBER,"(0.3,0.7,0.5)",seed2,80.68244358833242,80.60806197491516,14,78.95057846856135,ok,3221226505,True,True,True,G20-seed2-E
G20-seed3,G20,CMU-MOSEI,GCNet+AMBER,"(0.3,0.7,0.5)",seed3,79.38910291689598,79.06415051972841,17,80.21968270665576,ok,3221226505,True,True,True,G20-seed3-E
G20-seed4,G20,CMU-MOSEI,GCNet+AMBER,"(0.3,0.7,0.5)",seed4,79.52669235002752,79.01330301374674,16,77.39420593526955,ok,3221226505,True,True,True,G20-seed4-E
G20-seed5,G20,CMU-MOSEI,GCNet+AMBER,"(0.3,0.7,0.5)",seed5,78.97633461750138,78.99516014707888,30,79.36133672863868,ok,3221226505,True,True,True,G20-seed5-E
G21-seed1,G21,CMU-MOSEI,GCNet+AMBER,"(0.5,0.3,0.7)",seed1,83.7369290038525,83.5290022054826,14,84.78497990272005,ok,3221226505,True,True,True,G21-seed1-E
G21-seed2,G21,CMU-MOSEI,GCNet+AMBER,"(0.5,0.3,0.7)",seed2,84.34232250963126,84.07116392730083,18,83.82647558323943,ok,3221226505,True,True,True,G21-seed2-E
G21-seed3,G21,CMU-MOSEI,GCNet+AMBER,"(0.5,0.3,0.7)",seed3,85.08530544854155,84.81859740317704,13,83.49333599284431,ok,3221226505,True,True,True,G21-seed3-E
G21-seed4,G21,CMU-MOSEI,GCNet+AMBER,"(0.5,0.3,0.7)",seed4,84.03962575674188,83.9156648469653,13,84.18461622601924,ok,3221226505,True,True,True,G21-seed4-E
G21-seed5,G21,CMU-MOSEI,GCNet+AMBER,"(0.5,0.3,0.7)",seed5,83.6818932305999,83.46647607494411,13,84.28309858985912,ok,3221226505,True,True,True,G21-seed5-E
G22-seed1,G22,CMU-MOSEI,GCNet+AMBER,"(0.5,0.7,0.3)",seed1,79.38910291689598,78.99455910599322,22,79.87134452534012,ok,3221226505,True,True,True,G22-seed1-E
G22-seed2,G22,CMU-MOSEI,GCNet+AMBER,"(0.5,0.7,0.3)",seed2,78.72867363786462,78.22458750757552,24,79.20853329054626,ok,3221226505,True,True,True,G22-seed2-E
G22-seed3,G22,CMU-MOSEI,GCNet+AMBER,"(0.5,0.7,0.3)",seed3,78.7011557512383,78.43544328200012,18,78.93409310432871,ok,3221226505,True,True,True,G22-seed3-E
G22-seed4,G22,CMU-MOSEI,GCNet+AMBER,"(0.5,0.7,0.3)",seed4,79.16895982388552,79.14486219672182,28,77.99713182633919,ok,3221226505,True,True,True,G22-seed4-E
G22-seed5,G22,CMU-MOSEI,GCNet+AMBER,"(0.5,0.7,0.3)",seed5,78.59108420473308,78.2322935530914,28,78.16672811945173,ok,3221226505,True,True,True,G22-seed5-E
G23-seed1,G23,CMU-MOSEI,GCNet+AMBER,"(0.7,0.3,0.5)",seed1,84.5074298293891,84.45430472278417,13,83.932384351284,ok,3221226505,True,True,True,G23-seed1-E
G23-seed2,G23,CMU-MOSEI,GCNet+AMBER,"(0.7,0.3,0.5)",seed2,83.87451843698403,83.63948004176522,11,85.32351990528538,ok,3221226505,True,True,True,G23-seed2-E
G23-seed3,G23,CMU-MOSEI,GCNet+AMBER,"(0.7,0.3,0.5)",seed3,83.95707209686296,83.73856250570073,14,83.50681362139353,ok,3221226505,True,True,True,G23-seed3-E
G23-seed4,G23,CMU-MOSEI,GCNet+AMBER,"(0.7,0.3,0.5)",seed4,83.79196477710512,83.68547026822884,15,83.63318378806923,ok,3221226505,True,True,True,G23-seed4-E
G23-seed5,G23,CMU-MOSEI,GCNet+AMBER,"(0.7,0.3,0.5)",seed5,84.23225096312603,84.09941151519781,15,85.01752050113106,ok,3221226505,True,True,True,G23-seed5-E
G24-seed1,G24,CMU-MOSEI,GCNet+AMBER,"(0.7,0.5,0.3)",seed1,82.47110621904238,82.33985388354377,18,82.01987640427167,ok,3221226505,True,True,True,G24-seed1-E
G24-seed2,G24,CMU-MOSEI,GCNet+AMBER,"(0.7,0.5,0.3)",seed2,82.19592735277931,81.95716945416011,16,83.34817727186206,ok,3221226505,True,True,True,G24-seed2-E
G24-seed3,G24,CMU-MOSEI,GCNet+AMBER,"(0.7,0.5,0.3)",seed3,82.08585580627408,81.85310179824205,16,81.74935579352338,ok,3221226505,True,True,True,G24-seed3-E
G24-seed4,G24,CMU-MOSEI,GCNet+AMBER,"(0.7,0.5,0.3)",seed4,82.63621353880022,82.54690453742522,17,83.12177174866997,ok,3221226505,True,True,True,G24-seed4-E
G24-seed5,G24,CMU-MOSEI,GCNet+AMBER,"(0.7,0.5,0.3)",seed5,82.14089157952668,82.09151586346255,18,81.82900924372125,ok,3221226505,True,True,True,G24-seed5-E
G25-seed1,G25,CMU-MOSEI,MMGCN+AMBER,"(0.3,0.5,0.7)",seed1,82.9389102916896,82.736541498992,6,83.33705632104437,ok,3221226505,True,True,True,G25-seed1-E
G25-seed2,G25,CMU-MOSEI,MMGCN+AMBER,"(0.3,0.5,0.7)",seed2,82.58117776554761,82.52436025333009,4,83.20568577103526,ok,3221226505,True,True,True,G25-seed2-E
G25-seed3,G25,CMU-MOSEI,MMGCN+AMBER,"(0.3,0.5,0.7)",seed3,82.80132085855806,82.50347531557647,11,82.82731255047344,ok,3221226505,True,True,True,G25-seed3-E
G25-seed4,G25,CMU-MOSEI,MMGCN+AMBER,"(0.3,0.5,0.7)",seed4,82.6086956521739,82.46382316985363,9,82.23884730299854,ok,3221226505,True,True,True,G25-seed4-E
G25-seed5,G25,CMU-MOSEI,MMGCN+AMBER,"(0.3,0.5,0.7)",seed5,82.66373142542652,82.70652681921317,8,82.27491706399628,ok,3221226505,True,True,True,G25-seed5-E
G26-seed1,G26,CMU-MOSEI,MMGCN+AMBER,"(0.3,0.7,0.5)",seed1,79.88442487616952,79.54057531781483,6,79.34504100606303,ok,3221226505,True,True,True,G26-seed1-E
G26-seed2,G26,CMU-MOSEI,MMGCN+AMBER,"(0.3,0.7,0.5)",seed2,80.24215740231149,79.62696875248663,7,79.4863533161708,ok,3221226505,True,True,True,G26-seed2-E
G26-seed3,G26,CMU-MOSEI,MMGCN+AMBER,"(0.3,0.7,0.5)",seed3,80.15960374243258,79.69434153272378,9,79.91330347528724,ok,3221226505,True,True,True,G26-seed3-E
G26-seed4,G26,CMU-MOSEI,MMGCN+AMBER,"(0.3,0.7,0.5)",seed4,80.21463951568519,80.15339625179114,6,79.51189637606636,ok,3221226505,True,True,True,G26-seed4-E
G26-seed5,G26,CMU-MOSEI,MMGCN+AMBER,"(0.3,0.7,0.5)",seed5,80.54485415520088,79.83727932019139,11,80.2951056932277,ok,3221226505,True,True,True,G26-seed5-E
G27-seed1,G27,CMU-MOSEI,MMGCN+AMBER,"(0.5,0.3,0.7)",seed1,85.03026967528893,84.8941582751456,11,84.89216965052542,ok,3221226505,True,True,True,G27-seed1-E
G27-seed2,G27,CMU-MOSEI,MMGCN+AMBER,"(0.5,0.3,0.7)",seed2,84.64501926252063,84.57273387727,4,84.67051012829855,ok,3221226505,True,True,True,G27-seed2-E
G27-seed3,G27,CMU-MOSEI,MMGCN+AMBER,"(0.5,0.3,0.7)",seed3,85.16785910842047,84.99644159286377,2,84.74490649273048,ok,3221226505,True,True,True,G27-seed3-E
G27-seed4,G27,CMU-MOSEI,MMGCN+AMBER,"(0.5,0.3,0.7)",seed4,85.08530544854155,85.06687945854475,10,84.83317008721923,ok,3221226505,True,True,True,G27-seed4-E
G27-seed5,G27,CMU-MOSEI,MMGCN+AMBER,"(0.5,0.3,0.7)",seed5,85.11282333516786,84.83471281418035,6,84.65358304157861,ok,3221226505,True,True,True,G27-seed5-E
G28-seed1,G28,CMU-MOSEI,MMGCN+AMBER,"(0.5,0.7,0.3)",seed1,79.71931755641167,79.64977367796081,7,78.43288601078395,ok,3221226505,True,True,True,G28-seed1-E
G28-seed2,G28,CMU-MOSEI,MMGCN+AMBER,"(0.5,0.7,0.3)",seed2,79.66428178315905,79.4126762075666,12,79.11405720766066,ok,3221226505,True,True,True,G28-seed2-E
G28-seed3,G28,CMU-MOSEI,MMGCN+AMBER,"(0.5,0.7,0.3)",seed3,80.9851403412218,80.71811838695099,5,81.1312446542239,ok,3221226505,True,True,True,G28-seed3-E
G28-seed4,G28,CMU-MOSEI,MMGCN+AMBER,"(0.5,0.7,0.3)",seed4,80.15960374243258,80.03283615837856,6,80.00844710066067,ok,3221226505,True,True,True,G28-seed4-E
G28-seed5,G28,CMU-MOSEI,MMGCN+AMBER,"(0.5,0.7,0.3)",seed5,80.48981838194827,79.95288775975929,10,79.24033669064487,ok,3221226505,True,True,True,G28-seed5-E
G29-seed1,G29,CMU-MOSEI,MMGCN+AMBER,"(0.7,0.3,0.5)",seed1,85.00275178866264,84.84740440124821,16,83.95806525101865,ok,3221226505,True,True,True,G29-seed1-E
G29-seed2,G29,CMU-MOSEI,MMGCN+AMBER,"(0.7,0.3,0.5)",seed2,84.75509080902587,84.58657151762719,14,84.5060866863633,ok,3221226505,True,True,True,G29-seed2-E
G29-seed3,G29,CMU-MOSEI,MMGCN+AMBER,"(0.7,0.3,0.5)",seed3,84.8651623555311,84.70088365560864,8,85.6354477891899,ok,3221226505,True,True,True,G29-seed3-E
G29-seed4,G29,CMU-MOSEI,MMGCN+AMBER,"(0.7,0.3,0.5)",seed4,84.67253714914695,84.63767564146404,4,84.87657426539421,ok,3221226505,True,True,True,G29-seed4-E
G29-seed5,G29,CMU-MOSEI,MMGCN+AMBER,"(0.7,0.3,0.5)",seed5,85.03026967528893,84.94134933573616,12,85.2381086431958,ok,3221226505,True,True,True,G29-seed5-E
G30-seed1,G30,CMU-MOSEI,MMGCN+AMBER,"(0.7,0.5,0.3)",seed1,82.96642817831591,82.81644591943214,6,81.88859247667098,ok,3221226505,True,True,True,G30-seed1-E
G30-seed2,G30,CMU-MOSEI,MMGCN+AMBER,"(0.7,0.5,0.3)",seed2,83.02146395156852,82.82179976113245,10,84.44834110163998,ok,3221226505,True,True,True,G30-seed2-E
G30-seed3,G30,CMU-MOSEI,MMGCN+AMBER,"(0.7,0.5,0.3)",seed3,82.47110621904238,82.45082855919658,5,83.35290325526633,ok,3221226505,True,True,True,G30-seed3-E
G30-seed4,G30,CMU-MOSEI,MMGCN+AMBER,"(0.7,0.5,0.3)",seed4,83.26912493120528,83.12340379253746,6,82.9826395267128,ok,3221226505,True,True,True,G30-seed4-E
G30-seed5,G30,CMU-MOSEI,MMGCN+AMBER,"(0.7,0.5,0.3)",seed5,83.15905338470006,82.80301157449988,6,81.96545840890077,ok,3221226505,True,True,True,G30-seed5-E
G31-seed1,G31,CMU-MOSEI,MM-DFN+AMBER,"(0.3,0.5,0.7)",seed1,82.9389102916896,82.7903130779165,8,82.91059348045945,ok,3221226505,True,True,True,G31-seed1-E
G31-seed2,G31,CMU-MOSEI,MM-DFN+AMBER,"(0.3,0.5,0.7)",seed2,82.44358833241607,82.47205494052804,7,82.22894279768403,ok,3221226505,True,True,True,G31-seed2-E
G31-seed3,G31,CMU-MOSEI,MM-DFN+AMBER,"(0.3,0.5,0.7)",seed3,82.9389102916896,82.93371699078614,8,82.57793734804288,ok,3221226505,True,True,True,G31-seed3-E
G31-seed4,G31,CMU-MOSEI,MM-DFN+AMBER,"(0.3,0.5,0.7)",seed4,82.82883874518437,82.75393033324255,16,82.86933616111783,ok,3221226505,True,True,True,G31-seed4-E
G31-seed5,G31,CMU-MOSEI,MM-DFN+AMBER,"(0.3,0.5,0.7)",seed5,82.6086956521739,82.64676668876949,12,82.76157064108006,ok,3221226505,True,True,True,G31-seed5-E
G32-seed1,G32,CMU-MOSEI,MM-DFN+AMBER,"(0.3,0.7,0.5)",seed1,79.63676389653274,79.33995773192196,3,78.71552846299899,ok,3221226505,True,True,True,G32-seed1-E
G32-seed2,G32,CMU-MOSEI,MM-DFN+AMBER,"(0.3,0.7,0.5)",seed2,79.60924600990644,79.32721860286719,7,79.71940127460502,ok,3221226505,True,True,True,G32-seed2-E
G32-seed3,G32,CMU-MOSEI,MM-DFN+AMBER,"(0.3,0.7,0.5)",seed3,79.93946064942212,79.49847350704935,7,80.141871714745,ok,3221226505,True,True,True,G32-seed3-E
G32-seed4,G32,CMU-MOSEI,MM-DFN+AMBER,"(0.3,0.7,0.5)",seed4,80.10456796917997,79.82095270276646,6,78.73567331503605,ok,3221226505,True,True,True,G32-seed4-E
G32-seed5,G32,CMU-MOSEI,MM-DFN+AMBER,"(0.3,0.7,0.5)",seed5,79.82938910291689,79.47097858336119,6,80.07722773124065,ok,3221226505,True,True,True,G32-seed5-E
G33-seed1,G33,CMU-MOSEI,MM-DFN+AMBER,"(0.5,0.3,0.7)",seed1,84.81012658227847,84.64827306265353,14,85.2071687367541,ok,3221226505,True,True,True,G33-seed1-E
G33-seed2,G33,CMU-MOSEI,MM-DFN+AMBER,"(0.5,0.3,0.7)",seed2,84.75509080902587,84.7116868303609,10,85.25310924754656,ok,3221226505,True,True,True,G33-seed2-E
G33-seed3,G33,CMU-MOSEI,MM-DFN+AMBER,"(0.5,0.3,0.7)",seed3,84.8926802421574,84.87757064816694,16,84.40406674938895,ok,3221226505,True,True,True,G33-seed3-E
G33-seed4,G33,CMU-MOSEI,MM-DFN+AMBER,"(0.5,0.3,0.7)",seed4,84.8651623555311,84.84407634611591,10,84.68699847719303,ok,3221226505,True,True,True,G33-seed4-E
G33-seed5,G33,CMU-MOSEI,MM-DFN+AMBER,"(0.5,0.3,0.7)",seed5,84.72757292239956,84.54174547375969,15,83.98421010955256,ok,3221226505,True,True,True,G33-seed5-E
G34-seed1,G34,CMU-MOSEI,MM-DFN+AMBER,"(0.5,0.7,0.3)",seed1,79.71931755641167,79.56746045866839,12,78.28008116773943,ok,3221226505,True,True,True,G34-seed1-E
G34-seed2,G34,CMU-MOSEI,MM-DFN+AMBER,"(0.5,0.7,0.3)",seed2,80.21463951568519,79.52934343767487,7,79.8837446250354,ok,3221226505,True,True,True,G34-seed2-E
G34-seed3,G34,CMU-MOSEI,MM-DFN+AMBER,"(0.5,0.7,0.3)",seed3,79.63676389653274,79.5548962893606,7,79.18891704092391,ok,3221226505,True,True,True,G34-seed3-E
G34-seed4,G34,CMU-MOSEI,MM-DFN+AMBER,"(0.5,0.7,0.3)",seed4,79.69179966978535,79.48743334662775,10,79.93040662870364,ok,3221226505,True,True,True,G34-seed4-E
G34-seed5,G34,CMU-MOSEI,MM-DFN+AMBER,"(0.5,0.7,0.3)",seed5,79.8569069895432,79.62614461320237,14,80.58922809569403,ok,3221226505,True,True,True,G34-seed5-E
G35-seed1,G35,CMU-MOSEI,MM-DFN+AMBER,"(0.7,0.3,0.5)",seed1,84.70005503577325,84.6091732181421,11,84.85978043919748,ok,3221226505,True,True,True,G35-seed1-E
G35-seed2,G35,CMU-MOSEI,MM-DFN+AMBER,"(0.7,0.3,0.5)",seed2,85.05778756191525,84.89708782940556,8,85.32357625268105,ok,3221226505,True,True,True,G35-seed2-E
G35-seed3,G35,CMU-MOSEI,MM-DFN+AMBER,"(0.7,0.3,0.5)",seed3,84.97523390203632,84.81811723139526,5,84.85103821174535,ok,3221226505,True,True,True,G35-seed3-E
G35-seed4,G35,CMU-MOSEI,MM-DFN+AMBER,"(0.7,0.3,0.5)",seed4,84.70005503577325,84.64114310263935,11,86.09179415855354,ok,3221226505,True,True,True,G35-seed4-E
G35-seed5,G35,CMU-MOSEI,MM-DFN+AMBER,"(0.7,0.3,0.5)",seed5,85.38800220143094,85.28398672513318,4,84.6043065525713,ok,3221226505,True,True,True,G35-seed5-E
G36-seed1,G36,CMU-MOSEI,MM-DFN+AMBER,"(0.7,0.5,0.3)",seed1,82.27848101265823,82.18577721982109,14,81.6044919665011,ok,3221226505,True,True,True,G36-seed1-E
G36-seed2,G36,CMU-MOSEI,MM-DFN+AMBER,"(0.7,0.5,0.3)",seed2,82.19592735277931,82.21837346556603,9,83.06631386872021,ok,3221226505,True,True,True,G36-seed2-E
G36-seed3,G36,CMU-MOSEI,MM-DFN+AMBER,"(0.7,0.5,0.3)",seed3,82.85635663181068,82.64071543958673,5,83.4230197857058,ok,3221226505,True,True,True,G36-seed3-E
G36-seed4,G36,CMU-MOSEI,MM-DFN+AMBER,"(0.7,0.5,0.3)",seed4,83.81948266373142,83.66924653719529,6,83.07363451586646,ok,3221226505,True,True,True,G36-seed4-E
G36-seed5,G36,CMU-MOSEI,MM-DFN+AMBER,"(0.7,0.5,0.3)",seed5,83.13153549807375,82.68483652048351,4,81.24566948568429,ok,3221226505,True,True,True,G36-seed5-E
