group_id,table,dataset,model,imr,run_count,source_id,aggregate_source_line,acc_mean,acc_std,paper_acc_mean,paper_acc_std,original_acc,balm_acc,delta_vs_original_acc,delta_vs_balm_acc,wf1_mean,wf1_std,paper_wf1_mean,paper_wf1_std,original_wf1,balm_wf1,delta_vs_original_wf1,delta_vs_balm_wf1
G01,2,IEMOCAP,GCNet+AMBER,"(0.3,0.5,0.7)",5,S03,2,61.848428835489834,1.032292296663431,61.85,1.03,58.04,61.31,3.808428835489835,0.5384288354898317,61.684232131403824,1.0838386676428662,61.68,1.08,58.36,61.33,3.324232131403825,0.35423213140382614
G02,2,IEMOCAP,GCNet+AMBER,"(0.3,0.7,0.5)",5,S03,3,59.92606284658041,0.6883174390027796,59.93,0.69,56.81,57.36,3.116062846580405,2.566062846580408,59.20008692699461,0.4960153118144474,59.2,0.5,56.83,57.0,2.3700869269946097,2.200086926994608
G03,2,IEMOCAP,GCNet+AMBER,"(0.5,0.3,0.7)",5,S03,4,65.16327788046827,1.4610514914475754,65.16,1.46,61.61,61.31,3.553277880468272,3.8532778804682692,64.68107705119196,1.6684783729018877,64.68,1.67,62.06,61.62,2.6210770511919605,3.0610770511919654
G04,2,IEMOCAP,GCNet+AMBER,"(0.5,0.7,0.3)",5,S03,5,60.57917436845349,0.9499397719511672,60.58,0.95,56.81,57.64,3.769174368453484,2.939174368453486,60.21623311425024,0.9169578865241894,60.22,0.92,56.99,57.64,3.2262331142502347,2.576233114250236
G05,2,IEMOCAP,GCNet+AMBER,"(0.7,0.3,0.5)",5,S03,6,65.34812076401725,0.9238035644604485,65.35,0.92,59.64,59.33,5.708120764017252,6.0181207640172545,64.89942502227066,0.8104745590358188,64.9,0.81,59.78,59.39,5.119425022270661,5.509425022270662
G06,2,IEMOCAP,GCNet+AMBER,"(0.7,0.5,0.3)",5,S03,7,62.378311768330256,0.4764661720069311,62.38,0.48,59.09,60.26,3.288311768330253,2.1183117683302584,61.86526635913536,0.3464419054923814,61.87,0.35,59.19,60.58,2.675266359135364,1.2852663591353632
G07,2,IEMOCAP,MMGCN+AMBER,"(0.3,0.5,0.7)",5,S01,2,64.64571780653111,1.331068422530257,64.65,1.33,63.59,64.39,1.0557178065311064,0.2557178065311092,64.50419018926823,1.241942215495473,64.5,1.24,63.62,63.82,0.8841901892682316,0.6841901892682287
G08,2,IEMOCAP,MMGCN+AMBER,"(0.3,0.7,0.5)",5,S01,3,63.080714725816385,0.6043228507819722,63.08,0.6,59.09,60.07,3.9907147258163818,3.010714725816385,62.73140282389919,0.49228199266187234,62.73,0.49,58.99,60.04,3.741402823899186,2.691402823899189
G09,2,IEMOCAP,MMGCN+AMBER,"(0.5,0.3,0.7)",5,S01,4,65.40973505853358,0.5166056393408369,65.41,0.52,64.63,65.37,0.7797350585335892,0.03973505853358006,65.25047360238618,0.49744601902902796,65.25,0.5,64.95,65.03,0.3004736023861767,0.2204736023861784
G10,2,IEMOCAP,MMGCN+AMBER,"(0.5,0.7,0.3)",5,S01,5,62.982131854590264,0.7847058767681019,62.98,0.78,57.79,62.29,5.192131854590265,0.692131854590265,62.6822622422187,0.879586406923455,62.68,0.88,57.99,62.35,4.692262242218696,0.3322622422186967
G11,2,IEMOCAP,MMGCN+AMBER,"(0.7,0.3,0.5)",5,S01,6,64.05422057917437,1.6117762431206297,64.05,1.61,64.14,65.0,-0.08577942082563084,-0.9457794208256303,63.885268508690785,1.5065710868438624,63.89,1.51,64.27,64.98,-0.3847314913092106,-1.0947314913092185
G12,2,IEMOCAP,MMGCN+AMBER,"(0.7,0.5,0.3)",5,S01,7,63.13000616142945,0.8111118784356879,63.13,0.81,60.63,61.74,2.5000061614294466,1.3900061614294472,62.804348350723615,0.7389014756574646,62.8,0.74,60.85,61.2,1.9543483507236132,1.6043483507236118
G13,2,IEMOCAP,MM-DFN+AMBER,"(0.3,0.5,0.7)",5,S01,8,67.43068391866913,0.7127045590102898,67.43,0.71,63.34,67.34,4.090683918669129,0.09068391866912862,67.02342583381117,0.5645608406454424,67.02,0.56,63.0,66.64,4.023425833811174,0.3834258338111738
G14,2,IEMOCAP,MM-DFN+AMBER,"(0.3,0.7,0.5)",5,S01,9,65.00308071472581,0.9065889691658764,65.0,0.91,60.38,63.4,4.623080714725809,1.603080714725813,64.41415439187102,1.0144428222289572,64.41,1.01,60.01,63.11,4.404154391871025,1.3041543918710232
G15,2,IEMOCAP,MM-DFN+AMBER,"(0.5,0.3,0.7)",5,S01,10,68.42883548983365,0.712704559010289,68.43,0.71,67.34,68.76,1.0888354898336416,-0.33116451016636006,68.11641553819092,0.8149770958742601,68.12,0.81,67.4,68.25,0.7164155381909154,-0.1335844618090789
G16,2,IEMOCAP,MM-DFN+AMBER,"(0.5,0.7,0.3)",5,S01,11,64.65804066543438,0.7490636064290368,64.66,0.75,57.92,64.02,6.738040665434383,0.6380406654343886,64.06340241397254,0.6146364910893478,64.06,0.61,56.25,63.76,7.81340241397254,0.30340241397254175
G17,2,IEMOCAP,MM-DFN+AMBER,"(0.7,0.3,0.5)",5,S01,12,67.65249537892791,0.6763554651910079,67.65,0.68,66.48,67.22,1.1724953789279056,0.4324953789279107,67.40608434604965,0.6693550036101668,67.41,0.67,66.67,67.02,0.7360843460496511,0.3860843460496568
G18,2,IEMOCAP,MM-DFN+AMBER,"(0.7,0.5,0.3)",5,S01,13,66.49414664202095,0.6319596502751958,66.49,0.63,63.65,65.5,2.8441466420209522,0.9941466420209508,65.940851250433,0.2541727317802685,65.94,0.25,64.0,64.98,1.940851250432999,0.9608512504329951
G19,3,CMU-MOSEI,GCNet+AMBER,"(0.3,0.5,0.7)",5,S02,8,81.76664832140891,0.2922601661497368,81.77,0.29,81.43,81.54,0.33664832140890155,0.22664832140890212,81.59649531556862,0.24860672883032445,81.6,0.25,81.07,81.4,0.5264953155686243,0.19649531556861177
G20,3,CMU-MOSEI,GCNet+AMBER,"(0.3,0.7,0.5)",5,S02,9,79.59273527793066,0.6431772541810394,79.59,0.64,78.23,78.51,1.3627352779306534,1.0827352779306523,79.39490696367129,0.6886172116155909,79.39,0.69,78.14,78.33,1.2549069636712886,1.064906963671291
G21,3,CMU-MOSEI,GCNet+AMBER,"(0.5,0.3,0.7)",5,S02,10,84.17721518987342,0.5722794260617873,84.18,0.57,82.64,83.27,1.5372151898734217,0.9072151898734262,83.96018089157397,0.5433316954546581,83.96,0.54,82.78,83.24,1.1801808915739684,0.7201808915739747
G22,3,CMU-MOSEI,GCNet+AMBER,"(0.5,0.7,0.3)",5,S02,11,78.9157952669235,0.34446854866892485,78.92,0.34,78.34,79.5,0.5757952669234925,-0.5842047330765041,78.60634912907642,0.43461811638033127,78.61,0.43,78.51,79.22,0.09634912907641535,-0.6136508709235784
G23,3,CMU-MOSEI,GCNet+AMBER,"(0.7,0.3,0.5)",5,S02,12,84.07264722069345,0.29406824452157343,84.07,0.29,83.76,83.63,0.3126472206934494,0.4426472206934591,83.92344581073536,0.34793169836449883,83.92,0.35,83.57,83.57,0.35344581073536574,0.35344581073536574
G24,3,CMU-MOSEI,GCNet+AMBER,"(0.7,0.5,0.3)",5,S02,13,82.30599889928453,0.23671781142109782,82.31,0.24,81.45,82.09,0.8559988992845291,0.21599889928452853,82.15770910736674,0.28373980734379023,82.16,0.28,81.24,81.84,0.9177091073667469,0.3177091073667384
G25,3,CMU-MOSEI,MMGCN+AMBER,"(0.3,0.5,0.7)",5,S01,20,82.71876719867913,0.14946038100165354,82.72,0.15,80.82,82.03,1.8987671986791383,0.6887671986791304,82.58694541139307,0.12522175109405007,82.59,0.13,80.2,81.74,2.3869454113930715,0.8469454113930794
G26,3,CMU-MOSEI,MMGCN+AMBER,"(0.3,0.7,0.5)",5,S01,21,80.20913593835994,0.23543477860437148,80.21,0.24,78.32,78.73,1.8891359383599422,1.4791359383599314,79.77051223500155,0.23996651178914902,79.77,0.24,77.35,78.33,2.420512235001553,1.440512235001549
G27,3,CMU-MOSEI,MMGCN+AMBER,"(0.5,0.3,0.7)",5,S01,22,85.00825536598789,0.20902728689964847,85.01,0.21,84.76,84.54,0.24825536598788744,0.4682553659878863,84.87298520360089,0.1903289230937576,84.87,0.19,84.6,84.34,0.2729852036008964,0.5329852036008873
G28,3,CMU-MOSEI,MMGCN+AMBER,"(0.5,0.7,0.3)",5,S01,23,80.20363236103468,0.5522806253957995,80.2,0.55,78.12,79.83,2.083632361034674,0.3736323610346801,79.95325843812326,0.49388147361707846,79.95,0.49,78.17,79.44,1.783258438123255,0.513258438123259
G29,3,CMU-MOSEI,MMGCN+AMBER,"(0.7,0.3,0.5)",5,S01,24,84.8651623555311,0.15444375564559326,84.87,0.15,84.04,84.84,0.8251623555310914,0.02516235553109425,84.74277691033684,0.14796905606016816,84.74,0.15,84.04,84.7,0.7027769103368371,0.0427769103368405
G30,3,CMU-MOSEI,MMGCN+AMBER,"(0.7,0.5,0.3)",5,S01,25,82.97743533296644,0.3067966699431734,82.98,0.31,81.54,82.5,1.4374353329664302,0.4774353329664365,82.80309792135971,0.2383366788541802,82.8,0.24,81.62,82.36,1.1830979213597033,0.4430979213597084
G31,3,CMU-MOSEI,MM-DFN+AMBER,"(0.3,0.5,0.7)",5,S01,26,82.7517886626307,0.2187628719246206,82.75,0.22,82.17,82.06,0.5817886626307001,0.6917886626306995,82.71935640624854,0.17219752315036216,82.72,0.17,81.76,81.73,0.9593564062485314,0.9893564062485325
G32,3,CMU-MOSEI,MM-DFN+AMBER,"(0.3,0.7,0.5)",5,S01,27,79.82388552559163,0.20811965218700026,79.82,0.21,78.37,78.81,1.4538855255916303,1.0138855255916326,79.49151622559323,0.1993503679726689,79.49,0.2,78.14,78.5,1.3515162255932296,0.9915162255932302
G33,3,CMU-MOSEI,MM-DFN+AMBER,"(0.5,0.3,0.7)",5,S01,28,84.81012658227849,0.07015712044018453,84.81,0.07,84.18,84.34,0.6301265822784785,0.4701265822784819,84.7246704722114,0.1388370634336772,84.72,0.14,83.92,84.14,0.8046704722113986,0.5846704722113998
G34,3,CMU-MOSEI,MM-DFN+AMBER,"(0.5,0.7,0.3)",5,S01,29,79.82388552559163,0.2330100509633089,79.82,0.23,78.87,79.36,0.9538855255916303,0.46388552559163543,79.5530556291068,0.05104272406831218,79.55,0.05,79.03,79.19,0.5230556291067927,0.3630556291067961
G35,3,CMU-MOSEI,MM-DFN+AMBER,"(0.7,0.3,0.5)",5,S01,30,84.9642267473858,0.2863711775618698,84.96,0.29,84.37,84.78,0.5942267473857896,0.18422674738579303,84.8499016213431,0.27073831749827976,84.85,0.27,84.3,84.68,0.5499016213430963,0.16990162134308662
G36,3,CMU-MOSEI,MM-DFN+AMBER,"(0.7,0.5,0.3)",5,S01,31,82.85635663181068,0.6658532544063183,82.86,0.67,81.89,82.53,0.9663566318106831,0.32635663181068253,82.67978983653053,0.59948527356141,82.68,0.6,81.69,82.29,0.9897898365305338,0.38978983653052524
